date,site,value
2021-02-01T00:00:00,ARG Kuala Kampar,96
2021-03-01T00:00:00,ARG Kuala Kampar,100
2021-04-01T00:00:00,ARG Kuala Kampar,92
2021-05-01T00:00:00,ARG Kuala Kampar,99
2021-06-01T00:00:00,ARG Kuala Kampar,100
2021-07-01T00:00:00,ARG Kuala Kampar,92
2021-08-01T00:00:00,ARG Kuala Kampar,84
2021-09-01T00:00:00,ARG Kuala Kampar,96
2021-10-01T00:00:00,ARG Kuala Kampar,92
2021-11-01T00:00:00,ARG Kuala Kampar,97
2021-12-01T00:00:00,ARG Kuala Kampar,95
2022-01-01T00:00:00,ARG Kuala Kampar,86
2022-02-01T00:00:00,ARG Kuala Kampar,92
2022-03-01T00:00:00,ARG Kuala Kampar,80
2022-04-01T00:00:00,ARG Kuala Kampar,88
2022-05-01T00:00:00,ARG Kuala Kampar,99
2022-06-01T00:00:00,ARG Kuala Kampar,83
2022-07-01T00:00:00,ARG Kuala Kampar,52
2022-08-01T00:00:00,ARG Kuala Kampar,0
2022-09-01T00:00:00,ARG Kuala Kampar,0
2022-10-01T00:00:00,ARG Kuala Kampar,0
2022-11-01T00:00:00,ARG Kuala Kampar,0
2022-12-01T00:00:00,ARG Kuala Kampar,50
2023-01-01T00:00:00,ARG Kuala Kampar,57
2023-02-01T00:00:00,ARG Kuala Kampar,81
2023-03-01T00:00:00,ARG Kuala Kampar,68
2023-04-01T00:00:00,ARG Kuala Kampar,82
2023-05-01T00:00:00,ARG Kuala Kampar,83
2023-06-01T00:00:00,ARG Kuala Kampar,60
2023-07-01T00:00:00,ARG Kuala Kampar,81
2023-08-01T00:00:00,ARG Kuala Kampar,77
2023-09-01T00:00:00,ARG Kuala Kampar,56
2023-10-01T00:00:00,ARG Kuala Kampar,68
2023-11-01T00:00:00,ARG Kuala Kampar,50
2023-12-01T00:00:00,ARG Kuala Kampar,96
2024-01-01T00:00:00,ARG Kuala Kampar,93
2024-02-01T00:00:00,ARG Kuala Kampar,86
2024-03-01T00:00:00,ARG Kuala Kampar,83
2024-04-01T00:00:00,ARG Kuala Kampar,99
2024-05-01T00:00:00,ARG Kuala Kampar,94
2024-06-01T00:00:00,ARG Kuala Kampar,83
2024-07-01T00:00:00,ARG Kuala Kampar,93
2024-08-01T00:00:00,ARG Kuala Kampar,97
2024-09-01T00:00:00,ARG Kuala Kampar,88
2024-10-01T00:00:00,ARG Kuala Kampar,86
2024-11-01T00:00:00,ARG Kuala Kampar,88
2024-12-01T00:00:00,ARG Kuala Kampar,86
2025-01-01T00:00:00,ARG Kuala Kampar,95
2025-02-01T00:00:00,ARG Kuala Kampar,95
2025-03-01T00:00:00,ARG Kuala Kampar,96
2025-04-01T00:00:00,ARG Kuala Kampar,77
2025-05-01T00:00:00,ARG Kuala Kampar,98
2025-06-01T00:00:00,ARG Kuala Kampar,98
2025-07-01T00:00:00,ARG Kuala Kampar,97
2025-08-01T00:00:00,ARG Kuala Kampar,98
2025-09-01T00:00:00,ARG Kuala Kampar,98
2025-10-01T00:00:00,ARG Kuala Kampar,98
2025-11-01T00:00:00,ARG Kuala Kampar,0
2025-12-01T00:00:00,ARG Kuala Kampar,0
2026-01-01T00:00:00,ARG Kuala Kampar,0
2021-02-01T00:00:00,ARG Minas,95
2021-03-01T00:00:00,ARG Minas,99
2021-04-01T00:00:00,ARG Minas,99
2021-05-01T00:00:00,ARG Minas,99
2021-06-01T00:00:00,ARG Minas,100
2021-07-01T00:00:00,ARG Minas,88
2021-08-01T00:00:00,ARG Minas,84
2021-09-01T00:00:00,ARG Minas,98
2021-10-01T00:00:00,ARG Minas,100
2021-11-01T00:00:00,ARG Minas,98
2021-12-01T00:00:00,ARG Minas,99
2022-01-01T00:00:00,ARG Minas,89
2022-02-01T00:00:00,ARG Minas,100
2022-03-01T00:00:00,ARG Minas,100
2022-04-01T00:00:00,ARG Minas,100
2022-05-01T00:00:00,ARG Minas,100
2022-06-01T00:00:00,ARG Minas,100
2022-07-01T00:00:00,ARG Minas,100
2022-08-01T00:00:00,ARG Minas,100
2022-09-01T00:00:00,ARG Minas,99
2022-10-01T00:00:00,ARG Minas,97
2022-11-01T00:00:00,ARG Minas,100
2022-12-01T00:00:00,ARG Minas,99
2023-01-01T00:00:00,ARG Minas,96
2023-02-01T00:00:00,ARG Minas,79
2023-03-01T00:00:00,ARG Minas,88
2023-04-01T00:00:00,ARG Minas,34
2023-05-01T00:00:00,ARG Minas,1
2023-06-01T00:00:00,ARG Minas,8
2023-07-01T00:00:00,ARG Minas,98
2023-08-01T00:00:00,ARG Minas,97
2023-09-01T00:00:00,ARG Minas,99
2023-10-01T00:00:00,ARG Minas,100
2023-11-01T00:00:00,ARG Minas,99
2023-12-01T00:00:00,ARG Minas,99
2024-01-01T00:00:00,ARG Minas,100
2024-02-01T00:00:00,ARG Minas,100
2024-03-01T00:00:00,ARG Minas,100
2024-04-01T00:00:00,ARG Minas,99
2024-05-01T00:00:00,ARG Minas,99
2024-06-01T00:00:00,ARG Minas,95
2024-07-01T00:00:00,ARG Minas,100
2024-08-01T00:00:00,ARG Minas,100
2024-09-01T00:00:00,ARG Minas,100
2024-10-01T00:00:00,ARG Minas,97
2024-11-01T00:00:00,ARG Minas,100
2024-12-01T00:00:00,ARG Minas,99
2025-01-01T00:00:00,ARG Minas,99
2025-02-01T00:00:00,ARG Minas,99
2025-03-01T00:00:00,ARG Minas,100
2025-04-01T00:00:00,ARG Minas,100
2025-05-01T00:00:00,ARG Minas,82
2025-06-01T00:00:00,ARG Minas,100
2025-07-01T00:00:00,ARG Minas,100
2025-08-01T00:00:00,ARG Minas,100
2025-09-01T00:00:00,ARG Minas,100
2025-10-01T00:00:00,ARG Minas,100
2025-11-01T00:00:00,ARG Minas,0
2025-12-01T00:00:00,ARG Minas,0
2026-01-01T00:00:00,ARG Minas,0
2021-02-01T00:00:00,ARG Pusako,96
2021-03-01T00:00:00,ARG Pusako,100
2021-04-01T00:00:00,ARG Pusako,100
2021-05-01T00:00:00,ARG Pusako,100
2021-06-01T00:00:00,ARG Pusako,97
2021-07-01T00:00:00,ARG Pusako,99
2021-08-01T00:00:00,ARG Pusako,99
2021-09-01T00:00:00,ARG Pusako,99
2021-10-01T00:00:00,ARG Pusako,97
2021-11-01T00:00:00,ARG Pusako,99
2021-12-01T00:00:00,ARG Pusako,99
2022-01-01T00:00:00,ARG Pusako,92
2022-02-01T00:00:00,ARG Pusako,99
2022-03-01T00:00:00,ARG Pusako,99
2022-04-01T00:00:00,ARG Pusako,98
2022-05-01T00:00:00,ARG Pusako,99
2022-06-01T00:00:00,ARG Pusako,99
2022-07-01T00:00:00,ARG Pusako,97
2022-08-01T00:00:00,ARG Pusako,90
2022-09-01T00:00:00,ARG Pusako,96
2022-10-01T00:00:00,ARG Pusako,100
2022-11-01T00:00:00,ARG Pusako,100
2022-12-01T00:00:00,ARG Pusako,98
2023-01-01T00:00:00,ARG Pusako,100
2023-02-01T00:00:00,ARG Pusako,100
2023-03-01T00:00:00,ARG Pusako,100
2023-04-01T00:00:00,ARG Pusako,100
2023-05-01T00:00:00,ARG Pusako,100
2023-06-01T00:00:00,ARG Pusako,100
2023-07-01T00:00:00,ARG Pusako,100
2023-08-01T00:00:00,ARG Pusako,93
2023-09-01T00:00:00,ARG Pusako,100
2023-10-01T00:00:00,ARG Pusako,100
2023-11-01T00:00:00,ARG Pusako,100
2023-12-01T00:00:00,ARG Pusako,43
2024-01-01T00:00:00,ARG Pusako,83
2024-02-01T00:00:00,ARG Pusako,100
2024-03-01T00:00:00,ARG Pusako,100
2024-04-01T00:00:00,ARG Pusako,87
2024-05-01T00:00:00,ARG Pusako,84
2024-06-01T00:00:00,ARG Pusako,83
2024-07-01T00:00:00,ARG Pusako,84
2024-08-01T00:00:00,ARG Pusako,66
2024-09-01T00:00:00,ARG Pusako,89
2024-10-01T00:00:00,ARG Pusako,94
2024-11-01T00:00:00,ARG Pusako,99
2024-12-01T00:00:00,ARG Pusako,91
2025-01-01T00:00:00,ARG Pusako,93
2025-02-01T00:00:00,ARG Pusako,67
2025-03-01T00:00:00,ARG Pusako,51
2025-04-01T00:00:00,ARG Pusako,100
2025-05-01T00:00:00,ARG Pusako,76
2025-06-01T00:00:00,ARG Pusako,2
2025-07-01T00:00:00,ARG Pusako,0
2025-08-01T00:00:00,ARG Pusako,57
2025-09-01T00:00:00,ARG Pusako,94
2025-10-01T00:00:00,ARG Pusako,93
2025-11-01T00:00:00,ARG Pusako,0
2025-12-01T00:00:00,ARG Pusako,0
2026-01-01T00:00:00,ARG Pusako,0
2021-02-01T00:00:00,ARG Tandun,92
2021-03-01T00:00:00,ARG Tandun,98
2021-04-01T00:00:00,ARG Tandun,90
2021-05-01T00:00:00,ARG Tandun,98
2021-06-01T00:00:00,ARG Tandun,93
2021-07-01T00:00:00,ARG Tandun,91
2021-08-01T00:00:00,ARG Tandun,85
2021-09-01T00:00:00,ARG Tandun,85
2021-10-01T00:00:00,ARG Tandun,89
2021-11-01T00:00:00,ARG Tandun,95
2021-12-01T00:00:00,ARG Tandun,96
2022-01-01T00:00:00,ARG Tandun,85
2022-02-01T00:00:00,ARG Tandun,100
2022-03-01T00:00:00,ARG Tandun,98
2022-04-01T00:00:00,ARG Tandun,96
2022-05-01T00:00:00,ARG Tandun,83
2022-06-01T00:00:00,ARG Tandun,1
2022-07-01T00:00:00,ARG Tandun,1
2022-08-01T00:00:00,ARG Tandun,80
2022-09-01T00:00:00,ARG Tandun,99
2022-10-01T00:00:00,ARG Tandun,92
2022-11-01T00:00:00,ARG Tandun,100
2022-12-01T00:00:00,ARG Tandun,93
2023-01-01T00:00:00,ARG Tandun,98
2023-02-01T00:00:00,ARG Tandun,99
2023-03-01T00:00:00,ARG Tandun,87
2023-04-01T00:00:00,ARG Tandun,82
2023-05-01T00:00:00,ARG Tandun,86
2023-06-01T00:00:00,ARG Tandun,89
2023-07-01T00:00:00,ARG Tandun,86
2023-08-01T00:00:00,ARG Tandun,88
2023-09-01T00:00:00,ARG Tandun,92
2023-10-01T00:00:00,ARG Tandun,99
2023-11-01T00:00:00,ARG Tandun,99
2023-12-01T00:00:00,ARG Tandun,98
2024-01-01T00:00:00,ARG Tandun,100
2024-02-01T00:00:00,ARG Tandun,99
2024-03-01T00:00:00,ARG Tandun,100
2024-04-01T00:00:00,ARG Tandun,100
2024-05-01T00:00:00,ARG Tandun,82
2024-06-01T00:00:00,ARG Tandun,100
2024-07-01T00:00:00,ARG Tandun,100
2024-08-01T00:00:00,ARG Tandun,100
2024-09-01T00:00:00,ARG Tandun,100
2024-10-01T00:00:00,ARG Tandun,87
2024-11-01T00:00:00,ARG Tandun,92
2024-12-01T00:00:00,ARG Tandun,100
2025-01-01T00:00:00,ARG Tandun,100
2025-02-01T00:00:00,ARG Tandun,99
2025-03-01T00:00:00,ARG Tandun,98
2025-04-01T00:00:00,ARG Tandun,79
2025-05-01T00:00:00,ARG Tandun,81
2025-06-01T00:00:00,ARG Tandun,100
2025-07-01T00:00:00,ARG Tandun,100
2025-08-01T00:00:00,ARG Tandun,99
2025-09-01T00:00:00,ARG Tandun,100
2025-10-01T00:00:00,ARG Tandun,100
2025-11-01T00:00:00,ARG Tandun,0
2025-12-01T00:00:00,ARG Tandun,0
2026-01-01T00:00:00,ARG Tandun,0
2021-02-01T00:00:00,ARG Tambusai,0
2021-03-01T00:00:00,ARG Tambusai,8
2021-04-01T00:00:00,ARG Tambusai,8
2021-05-01T00:00:00,ARG Tambusai,0
2021-06-01T00:00:00,ARG Tambusai,19
2021-07-01T00:00:00,ARG Tambusai,99
2021-08-01T00:00:00,ARG Tambusai,100
2021-09-01T00:00:00,ARG Tambusai,99
2021-10-01T00:00:00,ARG Tambusai,99
2021-11-01T00:00:00,ARG Tambusai,99
2021-12-01T00:00:00,ARG Tambusai,100
2022-01-01T00:00:00,ARG Tambusai,93
2022-02-01T00:00:00,ARG Tambusai,100
2022-03-01T00:00:00,ARG Tambusai,100
2022-04-01T00:00:00,ARG Tambusai,99
2022-05-01T00:00:00,ARG Tambusai,100
2022-06-01T00:00:00,ARG Tambusai,99
2022-07-01T00:00:00,ARG Tambusai,97
2022-08-01T00:00:00,ARG Tambusai,99
2022-09-01T00:00:00,ARG Tambusai,100
2022-10-01T00:00:00,ARG Tambusai,100
2022-11-01T00:00:00,ARG Tambusai,100
2022-12-01T00:00:00,ARG Tambusai,100
2023-01-01T00:00:00,ARG Tambusai,100
2023-02-01T00:00:00,ARG Tambusai,100
2023-03-01T00:00:00,ARG Tambusai,73
2023-04-01T00:00:00,ARG Tambusai,52
2023-05-01T00:00:00,ARG Tambusai,55
2023-06-01T00:00:00,ARG Tambusai,21
2023-07-01T00:00:00,ARG Tambusai,95
2023-08-01T00:00:00,ARG Tambusai,67
2023-09-01T00:00:00,ARG Tambusai,84
2023-10-01T00:00:00,ARG Tambusai,100
2023-11-01T00:00:00,ARG Tambusai,98
2023-12-01T00:00:00,ARG Tambusai,78
2024-01-01T00:00:00,ARG Tambusai,98
2024-02-01T00:00:00,ARG Tambusai,95
2024-03-01T00:00:00,ARG Tambusai,99
2024-04-01T00:00:00,ARG Tambusai,75
2024-05-01T00:00:00,ARG Tambusai,85
2024-06-01T00:00:00,ARG Tambusai,86
2024-07-01T00:00:00,ARG Tambusai,100
2024-08-01T00:00:00,ARG Tambusai,99
2024-09-01T00:00:00,ARG Tambusai,100
2024-10-01T00:00:00,ARG Tambusai,91
2024-11-01T00:00:00,ARG Tambusai,78
2024-12-01T00:00:00,ARG Tambusai,100
2025-01-01T00:00:00,ARG Tambusai,100
2025-02-01T00:00:00,ARG Tambusai,99
2025-03-01T00:00:00,ARG Tambusai,97
2025-04-01T00:00:00,ARG Tambusai,72
2025-05-01T00:00:00,ARG Tambusai,67
2025-06-01T00:00:00,ARG Tambusai,95
2025-07-01T00:00:00,ARG Tambusai,92
2025-08-01T00:00:00,ARG Tambusai,72
2025-09-01T00:00:00,ARG Tambusai,100
2025-10-01T00:00:00,ARG Tambusai,100
2025-11-01T00:00:00,ARG Tambusai,0
2025-12-01T00:00:00,ARG Tambusai,0
2026-01-01T00:00:00,ARG Tambusai,0
2021-02-01T00:00:00,ARG Kandis,100
2021-03-01T00:00:00,ARG Kandis,100
2021-04-01T00:00:00,ARG Kandis,89
2021-05-01T00:00:00,ARG Kandis,98
2021-06-01T00:00:00,ARG Kandis,100
2021-07-01T00:00:00,ARG Kandis,94
2021-08-01T00:00:00,ARG Kandis,86
2021-09-01T00:00:00,ARG Kandis,99
2021-10-01T00:00:00,ARG Kandis,99
2021-11-01T00:00:00,ARG Kandis,99
2021-12-01T00:00:00,ARG Kandis,100
2022-01-01T00:00:00,ARG Kandis,91
2022-02-01T00:00:00,ARG Kandis,99
2022-03-01T00:00:00,ARG Kandis,100
2022-04-01T00:00:00,ARG Kandis,100
2022-05-01T00:00:00,ARG Kandis,100
2022-06-01T00:00:00,ARG Kandis,100
2022-07-01T00:00:00,ARG Kandis,98
2022-08-01T00:00:00,ARG Kandis,99
2022-09-01T00:00:00,ARG Kandis,99
2022-10-01T00:00:00,ARG Kandis,99
2022-11-01T00:00:00,ARG Kandis,100
2022-12-01T00:00:00,ARG Kandis,99
2023-01-01T00:00:00,ARG Kandis,99
2023-02-01T00:00:00,ARG Kandis,99
2023-03-01T00:00:00,ARG Kandis,96
2023-04-01T00:00:00,ARG Kandis,100
2023-05-01T00:00:00,ARG Kandis,88
2023-06-01T00:00:00,ARG Kandis,31
2023-07-01T00:00:00,ARG Kandis,99
2023-08-01T00:00:00,ARG Kandis,95
2023-09-01T00:00:00,ARG Kandis,96
2023-10-01T00:00:00,ARG Kandis,99
2023-11-01T00:00:00,ARG Kandis,100
2023-12-01T00:00:00,ARG Kandis,99
2024-01-01T00:00:00,ARG Kandis,95
2024-02-01T00:00:00,ARG Kandis,99
2024-03-01T00:00:00,ARG Kandis,100
2024-04-01T00:00:00,ARG Kandis,100
2024-05-01T00:00:00,ARG Kandis,100
2024-06-01T00:00:00,ARG Kandis,100
2024-07-01T00:00:00,ARG Kandis,100
2024-08-01T00:00:00,ARG Kandis,100
2024-09-01T00:00:00,ARG Kandis,91
2024-10-01T00:00:00,ARG Kandis,50
2024-11-01T00:00:00,ARG Kandis,43
2024-12-01T00:00:00,ARG Kandis,44
2025-01-01T00:00:00,ARG Kandis,79
2025-02-01T00:00:00,ARG Kandis,35
2025-03-01T00:00:00,ARG Kandis,40
2025-04-01T00:00:00,ARG Kandis,91
2025-05-01T00:00:00,ARG Kandis,1
2025-06-01T00:00:00,ARG Kandis,0
2025-07-01T00:00:00,ARG Kandis,24
2025-08-01T00:00:00,ARG Kandis,100
2025-09-01T00:00:00,ARG Kandis,53
2025-10-01T00:00:00,ARG Kandis,43
2025-11-01T00:00:00,ARG Kandis,0
2025-12-01T00:00:00,ARG Kandis,0
2026-01-01T00:00:00,ARG Kandis,0
2021-02-01T00:00:00,ARG Tanah Putih,100
2021-03-01T00:00:00,ARG Tanah Putih,100
2021-04-01T00:00:00,ARG Tanah Putih,90
2021-05-01T00:00:00,ARG Tanah Putih,98
2021-06-01T00:00:00,ARG Tanah Putih,99
2021-07-01T00:00:00,ARG Tanah Putih,93
2021-08-01T00:00:00,ARG Tanah Putih,82
2021-09-01T00:00:00,ARG Tanah Putih,98
2021-10-01T00:00:00,ARG Tanah Putih,99
2021-11-01T00:00:00,ARG Tanah Putih,98
2021-12-01T00:00:00,ARG Tanah Putih,99
2022-01-01T00:00:00,ARG Tanah Putih,90
2022-02-01T00:00:00,ARG Tanah Putih,99
2022-03-01T00:00:00,ARG Tanah Putih,99
2022-04-01T00:00:00,ARG Tanah Putih,98
2022-05-01T00:00:00,ARG Tanah Putih,90
2022-06-01T00:00:00,ARG Tanah Putih,0
2022-07-01T00:00:00,ARG Tanah Putih,0
2022-08-01T00:00:00,ARG Tanah Putih,0
2022-09-01T00:00:00,ARG Tanah Putih,0
2022-10-01T00:00:00,ARG Tanah Putih,33
2022-11-01T00:00:00,ARG Tanah Putih,100
2022-12-01T00:00:00,ARG Tanah Putih,98
2023-01-01T00:00:00,ARG Tanah Putih,100
2023-02-01T00:00:00,ARG Tanah Putih,100
2023-03-01T00:00:00,ARG Tanah Putih,96
2023-04-01T00:00:00,ARG Tanah Putih,100
2023-05-01T00:00:00,ARG Tanah Putih,99
2023-06-01T00:00:00,ARG Tanah Putih,99
2023-07-01T00:00:00,ARG Tanah Putih,100
2023-08-01T00:00:00,ARG Tanah Putih,99
2023-09-01T00:00:00,ARG Tanah Putih,100
2023-10-01T00:00:00,ARG Tanah Putih,100
2023-11-01T00:00:00,ARG Tanah Putih,100
2023-12-01T00:00:00,ARG Tanah Putih,100
2024-01-01T00:00:00,ARG Tanah Putih,100
2024-02-01T00:00:00,ARG Tanah Putih,100
2024-03-01T00:00:00,ARG Tanah Putih,100
2024-04-01T00:00:00,ARG Tanah Putih,100
2024-05-01T00:00:00,ARG Tanah Putih,100
2024-06-01T00:00:00,ARG Tanah Putih,100
2024-07-01T00:00:00,ARG Tanah Putih,100
2024-08-01T00:00:00,ARG Tanah Putih,100
2024-09-01T00:00:00,ARG Tanah Putih,100
2024-10-01T00:00:00,ARG Tanah Putih,96
2024-11-01T00:00:00,ARG Tanah Putih,100
2024-12-01T00:00:00,ARG Tanah Putih,100
2025-01-01T00:00:00,ARG Tanah Putih,100
2025-02-01T00:00:00,ARG Tanah Putih,99
2025-03-01T00:00:00,ARG Tanah Putih,100
2025-04-01T00:00:00,ARG Tanah Putih,99
2025-05-01T00:00:00,ARG Tanah Putih,100
2025-06-01T00:00:00,ARG Tanah Putih,100
2025-07-01T00:00:00,ARG Tanah Putih,100
2025-08-01T00:00:00,ARG Tanah Putih,100
2025-09-01T00:00:00,ARG Tanah Putih,100
2025-10-01T00:00:00,ARG Tanah Putih,56
2025-11-01T00:00:00,ARG Tanah Putih,0
2025-12-01T00:00:00,ARG Tanah Putih,0
2026-01-01T00:00:00,ARG Tanah Putih,0
2021-02-01T00:00:00,ARG Bantan,49
2021-03-01T00:00:00,ARG Bantan,79
2021-04-01T00:00:00,ARG Bantan,100
2021-05-01T00:00:00,ARG Bantan,96
2021-06-01T00:00:00,ARG Bantan,94
2021-07-01T00:00:00,ARG Bantan,91
2021-08-01T00:00:00,ARG Bantan,21
2021-09-01T00:00:00,ARG Bantan,0
2021-10-01T00:00:00,ARG Bantan,35
2021-11-01T00:00:00,ARG Bantan,21
2021-12-01T00:00:00,ARG Bantan,17
2022-01-01T00:00:00,ARG Bantan,5
2022-02-01T00:00:00,ARG Bantan,0
2022-03-01T00:00:00,ARG Bantan,33
2022-04-01T00:00:00,ARG Bantan,45
2022-05-01T00:00:00,ARG Bantan,99
2022-06-01T00:00:00,ARG Bantan,100
2022-07-01T00:00:00,ARG Bantan,100
2022-08-01T00:00:00,ARG Bantan,100
2022-09-01T00:00:00,ARG Bantan,100
2022-10-01T00:00:00,ARG Bantan,100
2022-11-01T00:00:00,ARG Bantan,100
2022-12-01T00:00:00,ARG Bantan,98
2023-01-01T00:00:00,ARG Bantan,99
2023-02-01T00:00:00,ARG Bantan,100
2023-03-01T00:00:00,ARG Bantan,96
2023-04-01T00:00:00,ARG Bantan,99
2023-05-01T00:00:00,ARG Bantan,95
2023-06-01T00:00:00,ARG Bantan,99
2023-07-01T00:00:00,ARG Bantan,99
2023-08-01T00:00:00,ARG Bantan,99
2023-09-01T00:00:00,ARG Bantan,91
2023-10-01T00:00:00,ARG Bantan,100
2023-11-01T00:00:00,ARG Bantan,94
2023-12-01T00:00:00,ARG Bantan,84
2024-01-01T00:00:00,ARG Bantan,100
2024-02-01T00:00:00,ARG Bantan,100
2024-03-01T00:00:00,ARG Bantan,100
2024-04-01T00:00:00,ARG Bantan,100
2024-05-01T00:00:00,ARG Bantan,100
2024-06-01T00:00:00,ARG Bantan,100
2024-07-01T00:00:00,ARG Bantan,100
2024-08-01T00:00:00,ARG Bantan,100
2024-09-01T00:00:00,ARG Bantan,100
2024-10-01T00:00:00,ARG Bantan,96
2024-11-01T00:00:00,ARG Bantan,100
2024-12-01T00:00:00,ARG Bantan,96
2025-01-01T00:00:00,ARG Bantan,98
2025-02-01T00:00:00,ARG Bantan,97
2025-03-01T00:00:00,ARG Bantan,100
2025-04-01T00:00:00,ARG Bantan,100
2025-05-01T00:00:00,ARG Bantan,100
2025-06-01T00:00:00,ARG Bantan,100
2025-07-01T00:00:00,ARG Bantan,100
2025-08-01T00:00:00,ARG Bantan,100
2025-09-01T00:00:00,ARG Bantan,100
2025-10-01T00:00:00,ARG Bantan,100
2025-11-01T00:00:00,ARG Bantan,0
2025-12-01T00:00:00,ARG Bantan,0
2026-01-01T00:00:00,ARG Bantan,0
2021-02-01T00:00:00,ARG Siak,100
2021-03-01T00:00:00,ARG Siak,100
2021-04-01T00:00:00,ARG Siak,89
2021-05-01T00:00:00,ARG Siak,100
2021-06-01T00:00:00,ARG Siak,100
2021-07-01T00:00:00,ARG Siak,93
2021-08-01T00:00:00,ARG Siak,86
2021-09-01T00:00:00,ARG Siak,99
2021-10-01T00:00:00,ARG Siak,99
2021-11-01T00:00:00,ARG Siak,99
2021-12-01T00:00:00,ARG Siak,100
2022-01-01T00:00:00,ARG Siak,90
2022-02-01T00:00:00,ARG Siak,62
2022-03-01T00:00:00,ARG Siak,34
2022-04-01T00:00:00,ARG Siak,99
2022-05-01T00:00:00,ARG Siak,99
2022-06-01T00:00:00,ARG Siak,99
2022-07-01T00:00:00,ARG Siak,98
2022-08-01T00:00:00,ARG Siak,99
2022-09-01T00:00:00,ARG Siak,99
2022-10-01T00:00:00,ARG Siak,99
2022-11-01T00:00:00,ARG Siak,100
2022-12-01T00:00:00,ARG Siak,99
2023-01-01T00:00:00,ARG Siak,99
2023-02-01T00:00:00,ARG Siak,98
2023-03-01T00:00:00,ARG Siak,89
2023-04-01T00:00:00,ARG Siak,100
2023-05-01T00:00:00,ARG Siak,99
2023-06-01T00:00:00,ARG Siak,100
2023-07-01T00:00:00,ARG Siak,99
2023-08-01T00:00:00,ARG Siak,95
2023-09-01T00:00:00,ARG Siak,98
2023-10-01T00:00:00,ARG Siak,99
2023-11-01T00:00:00,ARG Siak,100
2023-12-01T00:00:00,ARG Siak,99
2024-01-01T00:00:00,ARG Siak,95
2024-02-01T00:00:00,ARG Siak,99
2024-03-01T00:00:00,ARG Siak,100
2024-04-01T00:00:00,ARG Siak,99
2024-05-01T00:00:00,ARG Siak,100
2024-06-01T00:00:00,ARG Siak,100
2024-07-01T00:00:00,ARG Siak,98
2024-08-01T00:00:00,ARG Siak,100
2024-09-01T00:00:00,ARG Siak,87
2024-10-01T00:00:00,ARG Siak,30
2024-11-01T00:00:00,ARG Siak,95
2024-12-01T00:00:00,ARG Siak,100
2025-01-01T00:00:00,ARG Siak,99
2025-02-01T00:00:00,ARG Siak,100
2025-03-01T00:00:00,ARG Siak,99
2025-04-01T00:00:00,ARG Siak,79
2025-05-01T00:00:00,ARG Siak,100
2025-06-01T00:00:00,ARG Siak,100
2025-07-01T00:00:00,ARG Siak,100
2025-08-01T00:00:00,ARG Siak,100
2025-09-01T00:00:00,ARG Siak,100
2025-10-01T00:00:00,ARG Siak,100
2025-11-01T00:00:00,ARG Siak,0
2025-12-01T00:00:00,ARG Siak,0
2026-01-01T00:00:00,ARG Siak,0
2021-02-01T00:00:00,ARG Kuantan Tengah,33
2021-03-01T00:00:00,ARG Kuantan Tengah,79
2021-04-01T00:00:00,ARG Kuantan Tengah,55
2021-05-01T00:00:00,ARG Kuantan Tengah,77
2021-06-01T00:00:00,ARG Kuantan Tengah,72
2021-07-01T00:00:00,ARG Kuantan Tengah,88
2021-08-01T00:00:00,ARG Kuantan Tengah,84
2021-09-01T00:00:00,ARG Kuantan Tengah,97
2021-10-01T00:00:00,ARG Kuantan Tengah,95
2021-11-01T00:00:00,ARG Kuantan Tengah,97
2021-12-01T00:00:00,ARG Kuantan Tengah,97
2022-01-01T00:00:00,ARG Kuantan Tengah,89
2022-02-01T00:00:00,ARG Kuantan Tengah,98
2022-03-01T00:00:00,ARG Kuantan Tengah,98
2022-04-01T00:00:00,ARG Kuantan Tengah,89
2022-05-01T00:00:00,ARG Kuantan Tengah,98
2022-06-01T00:00:00,ARG Kuantan Tengah,74
2022-07-01T00:00:00,ARG Kuantan Tengah,37
2022-08-01T00:00:00,ARG Kuantan Tengah,0
2022-09-01T00:00:00,ARG Kuantan Tengah,77
2022-10-01T00:00:00,ARG Kuantan Tengah,68
2022-11-01T00:00:00,ARG Kuantan Tengah,56
2022-12-01T00:00:00,ARG Kuantan Tengah,54
2023-01-01T00:00:00,ARG Kuantan Tengah,19
2023-02-01T00:00:00,ARG Kuantan Tengah,14
2023-03-01T00:00:00,ARG Kuantan Tengah,15
2023-04-01T00:00:00,ARG Kuantan Tengah,53
2023-05-01T00:00:00,ARG Kuantan Tengah,55
2023-06-01T00:00:00,ARG Kuantan Tengah,59
2023-07-01T00:00:00,ARG Kuantan Tengah,66
2023-08-01T00:00:00,ARG Kuantan Tengah,63
2023-09-01T00:00:00,ARG Kuantan Tengah,67
2023-10-01T00:00:00,ARG Kuantan Tengah,68
2023-11-01T00:00:00,ARG Kuantan Tengah,68
2023-12-01T00:00:00,ARG Kuantan Tengah,87
2024-01-01T00:00:00,ARG Kuantan Tengah,90
2024-02-01T00:00:00,ARG Kuantan Tengah,99
2024-03-01T00:00:00,ARG Kuantan Tengah,98
2024-04-01T00:00:00,ARG Kuantan Tengah,72
2024-05-01T00:00:00,ARG Kuantan Tengah,99
2024-06-01T00:00:00,ARG Kuantan Tengah,99
2024-07-01T00:00:00,ARG Kuantan Tengah,99
2024-08-01T00:00:00,ARG Kuantan Tengah,91
2024-09-01T00:00:00,ARG Kuantan Tengah,99
2024-10-01T00:00:00,ARG Kuantan Tengah,99
2024-11-01T00:00:00,ARG Kuantan Tengah,96
2024-12-01T00:00:00,ARG Kuantan Tengah,100
2025-01-01T00:00:00,ARG Kuantan Tengah,99
2025-02-01T00:00:00,ARG Kuantan Tengah,100
2025-03-01T00:00:00,ARG Kuantan Tengah,97
2025-04-01T00:00:00,ARG Kuantan Tengah,79
2025-05-01T00:00:00,ARG Kuantan Tengah,99
2025-06-01T00:00:00,ARG Kuantan Tengah,100
2025-07-01T00:00:00,ARG Kuantan Tengah,100
2025-08-01T00:00:00,ARG Kuantan Tengah,99
2025-09-01T00:00:00,ARG Kuantan Tengah,99
2025-10-01T00:00:00,ARG Kuantan Tengah,96
2025-11-01T00:00:00,ARG Kuantan Tengah,0
2025-12-01T00:00:00,ARG Kuantan Tengah,0
2026-01-01T00:00:00,ARG Kuantan Tengah,0
2021-02-01T00:00:00,ARG Pasir Pangaraian,99
2021-03-01T00:00:00,ARG Pasir Pangaraian,97
2021-04-01T00:00:00,ARG Pasir Pangaraian,90
2021-05-01T00:00:00,ARG Pasir Pangaraian,98
2021-06-01T00:00:00,ARG Pasir Pangaraian,91
2021-07-01T00:00:00,ARG Pasir Pangaraian,93
2021-08-01T00:00:00,ARG Pasir Pangaraian,85
2021-09-01T00:00:00,ARG Pasir Pangaraian,93
2021-10-01T00:00:00,ARG Pasir Pangaraian,93
2021-11-01T00:00:00,ARG Pasir Pangaraian,95
2021-12-01T00:00:00,ARG Pasir Pangaraian,99
2022-01-01T00:00:00,ARG Pasir Pangaraian,87
2022-02-01T00:00:00,ARG Pasir Pangaraian,93
2022-03-01T00:00:00,ARG Pasir Pangaraian,96
2022-04-01T00:00:00,ARG Pasir Pangaraian,96
2022-05-01T00:00:00,ARG Pasir Pangaraian,97
2022-06-01T00:00:00,ARG Pasir Pangaraian,47
2022-07-01T00:00:00,ARG Pasir Pangaraian,0
2022-08-01T00:00:00,ARG Pasir Pangaraian,68
2022-09-01T00:00:00,ARG Pasir Pangaraian,97
2022-10-01T00:00:00,ARG Pasir Pangaraian,94
2022-11-01T00:00:00,ARG Pasir Pangaraian,96
2022-12-01T00:00:00,ARG Pasir Pangaraian,85
2023-01-01T00:00:00,ARG Pasir Pangaraian,0
2023-02-01T00:00:00,ARG Pasir Pangaraian,0
2023-03-01T00:00:00,ARG Pasir Pangaraian,91
2023-04-01T00:00:00,ARG Pasir Pangaraian,99
2023-05-01T00:00:00,ARG Pasir Pangaraian,99
2023-06-01T00:00:00,ARG Pasir Pangaraian,100
2023-07-01T00:00:00,ARG Pasir Pangaraian,99
2023-08-01T00:00:00,ARG Pasir Pangaraian,94
2023-09-01T00:00:00,ARG Pasir Pangaraian,98
2023-10-01T00:00:00,ARG Pasir Pangaraian,99
2023-11-01T00:00:00,ARG Pasir Pangaraian,100
2023-12-01T00:00:00,ARG Pasir Pangaraian,99
2024-01-01T00:00:00,ARG Pasir Pangaraian,95
2024-02-01T00:00:00,ARG Pasir Pangaraian,99
2024-03-01T00:00:00,ARG Pasir Pangaraian,99
2024-04-01T00:00:00,ARG Pasir Pangaraian,99
2024-05-01T00:00:00,ARG Pasir Pangaraian,92
2024-06-01T00:00:00,ARG Pasir Pangaraian,99
2024-07-01T00:00:00,ARG Pasir Pangaraian,99
2024-08-01T00:00:00,ARG Pasir Pangaraian,100
2024-09-01T00:00:00,ARG Pasir Pangaraian,100
2024-10-01T00:00:00,ARG Pasir Pangaraian,99
2024-11-01T00:00:00,ARG Pasir Pangaraian,100
2024-12-01T00:00:00,ARG Pasir Pangaraian,100
2025-01-01T00:00:00,ARG Pasir Pangaraian,99
2025-02-01T00:00:00,ARG Pasir Pangaraian,100
2025-03-01T00:00:00,ARG Pasir Pangaraian,99
2025-04-01T00:00:00,ARG Pasir Pangaraian,79
2025-05-01T00:00:00,ARG Pasir Pangaraian,77
2025-06-01T00:00:00,ARG Pasir Pangaraian,0
2025-07-01T00:00:00,ARG Pasir Pangaraian,0
2025-08-01T00:00:00,ARG Pasir Pangaraian,79
2025-09-01T00:00:00,ARG Pasir Pangaraian,100
2025-10-01T00:00:00,ARG Pasir Pangaraian,100
2025-11-01T00:00:00,ARG Pasir Pangaraian,0
2025-12-01T00:00:00,ARG Pasir Pangaraian,0
2026-01-01T00:00:00,ARG Pasir Pangaraian,0
2021-02-01T00:00:00,ARG XIII Koto Kampar,58
2021-03-01T00:00:00,ARG XIII Koto Kampar,58
2021-04-01T00:00:00,ARG XIII Koto Kampar,55
2021-05-01T00:00:00,ARG XIII Koto Kampar,57
2021-06-01T00:00:00,ARG XIII Koto Kampar,58
2021-07-01T00:00:00,ARG XIII Koto Kampar,47
2021-08-01T00:00:00,ARG XIII Koto Kampar,45
2021-09-01T00:00:00,ARG XIII Koto Kampar,47
2021-10-01T00:00:00,ARG XIII Koto Kampar,43
2021-11-01T00:00:00,ARG XIII Koto Kampar,18
2021-12-01T00:00:00,ARG XIII Koto Kampar,32
2022-01-01T00:00:00,ARG XIII Koto Kampar,66
2022-02-01T00:00:00,ARG XIII Koto Kampar,58
2022-03-01T00:00:00,ARG XIII Koto Kampar,68
2022-04-01T00:00:00,ARG XIII Koto Kampar,80
2022-05-01T00:00:00,ARG XIII Koto Kampar,78
2022-06-01T00:00:00,ARG XIII Koto Kampar,80
2022-07-01T00:00:00,ARG XIII Koto Kampar,75
2022-08-01T00:00:00,ARG XIII Koto Kampar,74
2022-09-01T00:00:00,ARG XIII Koto Kampar,75
2022-10-01T00:00:00,ARG XIII Koto Kampar,66
2022-11-01T00:00:00,ARG XIII Koto Kampar,74
2022-12-01T00:00:00,ARG XIII Koto Kampar,73
2023-01-01T00:00:00,ARG XIII Koto Kampar,46
2023-02-01T00:00:00,ARG XIII Koto Kampar,2
2023-03-01T00:00:00,ARG XIII Koto Kampar,95
2023-04-01T00:00:00,ARG XIII Koto Kampar,100
2023-05-01T00:00:00,ARG XIII Koto Kampar,99
2023-06-01T00:00:00,ARG XIII Koto Kampar,99
2023-07-01T00:00:00,ARG XIII Koto Kampar,100
2023-08-01T00:00:00,ARG XIII Koto Kampar,99
2023-09-01T00:00:00,ARG XIII Koto Kampar,100
2023-10-01T00:00:00,ARG XIII Koto Kampar,100
2023-11-01T00:00:00,ARG XIII Koto Kampar,100
2023-12-01T00:00:00,ARG XIII Koto Kampar,84
2024-01-01T00:00:00,ARG XIII Koto Kampar,100
2024-02-01T00:00:00,ARG XIII Koto Kampar,100
2024-03-01T00:00:00,ARG XIII Koto Kampar,100
2024-04-01T00:00:00,ARG XIII Koto Kampar,100
2024-05-01T00:00:00,ARG XIII Koto Kampar,100
2024-06-01T00:00:00,ARG XIII Koto Kampar,100
2024-07-01T00:00:00,ARG XIII Koto Kampar,100
2024-08-01T00:00:00,ARG XIII Koto Kampar,100
2024-09-01T00:00:00,ARG XIII Koto Kampar,100
2024-10-01T00:00:00,ARG XIII Koto Kampar,97
2024-11-01T00:00:00,ARG XIII Koto Kampar,99
2024-12-01T00:00:00,ARG XIII Koto Kampar,97
2025-01-01T00:00:00,ARG XIII Koto Kampar,98
2025-02-01T00:00:00,ARG XIII Koto Kampar,96
2025-03-01T00:00:00,ARG XIII Koto Kampar,99
2025-04-01T00:00:00,ARG XIII Koto Kampar,80
2025-05-01T00:00:00,ARG XIII Koto Kampar,98
2025-06-01T00:00:00,ARG XIII Koto Kampar,99
2025-07-01T00:00:00,ARG XIII Koto Kampar,99
2025-08-01T00:00:00,ARG XIII Koto Kampar,97
2025-09-01T00:00:00,ARG XIII Koto Kampar,91
2025-10-01T00:00:00,ARG XIII Koto Kampar,100
2025-11-01T00:00:00,ARG XIII Koto Kampar,0
2025-12-01T00:00:00,ARG XIII Koto Kampar,0
2026-01-01T00:00:00,ARG XIII Koto Kampar,0
2021-02-01T00:00:00,ARG Teluk Meranti,89
2021-03-01T00:00:00,ARG Teluk Meranti,96
2021-04-01T00:00:00,ARG Teluk Meranti,87
2021-05-01T00:00:00,ARG Teluk Meranti,99
2021-06-01T00:00:00,ARG Teluk Meranti,97
2021-07-01T00:00:00,ARG Teluk Meranti,92
2021-08-01T00:00:00,ARG Teluk Meranti,83
2021-09-01T00:00:00,ARG Teluk Meranti,97
2021-10-01T00:00:00,ARG Teluk Meranti,93
2021-11-01T00:00:00,ARG Teluk Meranti,91
2021-12-01T00:00:00,ARG Teluk Meranti,54
2022-01-01T00:00:00,ARG Teluk Meranti,82
2022-02-01T00:00:00,ARG Teluk Meranti,92
2022-03-01T00:00:00,ARG Teluk Meranti,99
2022-04-01T00:00:00,ARG Teluk Meranti,92
2022-05-01T00:00:00,ARG Teluk Meranti,94
2022-06-01T00:00:00,ARG Teluk Meranti,92
2022-07-01T00:00:00,ARG Teluk Meranti,93
2022-08-01T00:00:00,ARG Teluk Meranti,87
2022-09-01T00:00:00,ARG Teluk Meranti,80
2022-10-01T00:00:00,ARG Teluk Meranti,99
2022-11-01T00:00:00,ARG Teluk Meranti,84
2022-12-01T00:00:00,ARG Teluk Meranti,96
2023-01-01T00:00:00,ARG Teluk Meranti,92
2023-02-01T00:00:00,ARG Teluk Meranti,93
2023-03-01T00:00:00,ARG Teluk Meranti,91
2023-04-01T00:00:00,ARG Teluk Meranti,84
2023-05-01T00:00:00,ARG Teluk Meranti,83
2023-06-01T00:00:00,ARG Teluk Meranti,84
2023-07-01T00:00:00,ARG Teluk Meranti,84
2023-08-01T00:00:00,ARG Teluk Meranti,81
2023-09-01T00:00:00,ARG Teluk Meranti,95
2023-10-01T00:00:00,ARG Teluk Meranti,95
2023-11-01T00:00:00,ARG Teluk Meranti,97
2023-12-01T00:00:00,ARG Teluk Meranti,97
2024-01-01T00:00:00,ARG Teluk Meranti,94
2024-02-01T00:00:00,ARG Teluk Meranti,94
2024-03-01T00:00:00,ARG Teluk Meranti,96
2024-04-01T00:00:00,ARG Teluk Meranti,96
2024-05-01T00:00:00,ARG Teluk Meranti,95
2024-06-01T00:00:00,ARG Teluk Meranti,94
2024-07-01T00:00:00,ARG Teluk Meranti,90
2024-08-01T00:00:00,ARG Teluk Meranti,92
2024-09-01T00:00:00,ARG Teluk Meranti,98
2024-10-01T00:00:00,ARG Teluk Meranti,96
2024-11-01T00:00:00,ARG Teluk Meranti,95
2024-12-01T00:00:00,ARG Teluk Meranti,97
2025-01-01T00:00:00,ARG Teluk Meranti,86
2025-02-01T00:00:00,ARG Teluk Meranti,99
2025-03-01T00:00:00,ARG Teluk Meranti,99
2025-04-01T00:00:00,ARG Teluk Meranti,100
2025-05-01T00:00:00,ARG Teluk Meranti,100
2025-06-01T00:00:00,ARG Teluk Meranti,100
2025-07-01T00:00:00,ARG Teluk Meranti,100
2025-08-01T00:00:00,ARG Teluk Meranti,100
2025-09-01T00:00:00,ARG Teluk Meranti,100
2025-10-01T00:00:00,ARG Teluk Meranti,99
2025-11-01T00:00:00,ARG Teluk Meranti,0
2025-12-01T00:00:00,ARG Teluk Meranti,0
2026-01-01T00:00:00,ARG Teluk Meranti,0
2021-02-01T00:00:00,ARG SMPK Bangkinang,100
2021-03-01T00:00:00,ARG SMPK Bangkinang,100
2021-04-01T00:00:00,ARG SMPK Bangkinang,89
2021-05-01T00:00:00,ARG SMPK Bangkinang,98
2021-06-01T00:00:00,ARG SMPK Bangkinang,99
2021-07-01T00:00:00,ARG SMPK Bangkinang,92
2021-08-01T00:00:00,ARG SMPK Bangkinang,81
2021-09-01T00:00:00,ARG SMPK Bangkinang,97
2021-10-01T00:00:00,ARG SMPK Bangkinang,99
2021-11-01T00:00:00,ARG SMPK Bangkinang,24
2021-12-01T00:00:00,ARG SMPK Bangkinang,69
2022-01-01T00:00:00,ARG SMPK Bangkinang,95
2022-02-01T00:00:00,ARG SMPK Bangkinang,99
2022-03-01T00:00:00,ARG SMPK Bangkinang,100
2022-04-01T00:00:00,ARG SMPK Bangkinang,100
2022-05-01T00:00:00,ARG SMPK Bangkinang,100
2022-06-01T00:00:00,ARG SMPK Bangkinang,100
2022-07-01T00:00:00,ARG SMPK Bangkinang,98
2022-08-01T00:00:00,ARG SMPK Bangkinang,85
2022-09-01T00:00:00,ARG SMPK Bangkinang,99
2022-10-01T00:00:00,ARG SMPK Bangkinang,99
2022-11-01T00:00:00,ARG SMPK Bangkinang,100
2022-12-01T00:00:00,ARG SMPK Bangkinang,98
2023-01-01T00:00:00,ARG SMPK Bangkinang,99
2023-02-01T00:00:00,ARG SMPK Bangkinang,100
2023-03-01T00:00:00,ARG SMPK Bangkinang,96
2023-04-01T00:00:00,ARG SMPK Bangkinang,99
2023-05-01T00:00:00,ARG SMPK Bangkinang,99
2023-06-01T00:00:00,ARG SMPK Bangkinang,100
2023-07-01T00:00:00,ARG SMPK Bangkinang,99
2023-08-01T00:00:00,ARG SMPK Bangkinang,95
2023-09-01T00:00:00,ARG SMPK Bangkinang,98
2023-10-01T00:00:00,ARG SMPK Bangkinang,99
2023-11-01T00:00:00,ARG SMPK Bangkinang,100
2023-12-01T00:00:00,ARG SMPK Bangkinang,99
2024-01-01T00:00:00,ARG SMPK Bangkinang,95
2024-02-01T00:00:00,ARG SMPK Bangkinang,99
2024-03-01T00:00:00,ARG SMPK Bangkinang,100
2024-04-01T00:00:00,ARG SMPK Bangkinang,100
2024-05-01T00:00:00,ARG SMPK Bangkinang,100
2024-06-01T00:00:00,ARG SMPK Bangkinang,100
2024-07-01T00:00:00,ARG SMPK Bangkinang,100
2024-08-01T00:00:00,ARG SMPK Bangkinang,100
2024-09-01T00:00:00,ARG SMPK Bangkinang,100
2024-10-01T00:00:00,ARG SMPK Bangkinang,99
2024-11-01T00:00:00,ARG SMPK Bangkinang,100
2024-12-01T00:00:00,ARG SMPK Bangkinang,100
2025-01-01T00:00:00,ARG SMPK Bangkinang,99
2025-02-01T00:00:00,ARG SMPK Bangkinang,100
2025-03-01T00:00:00,ARG SMPK Bangkinang,99
2025-04-01T00:00:00,ARG SMPK Bangkinang,79
2025-05-01T00:00:00,ARG SMPK Bangkinang,16
2025-06-01T00:00:00,ARG SMPK Bangkinang,0
2025-07-01T00:00:00,ARG SMPK Bangkinang,0
2025-08-01T00:00:00,ARG SMPK Bangkinang,33
2025-09-01T00:00:00,ARG SMPK Bangkinang,100
2025-10-01T00:00:00,ARG SMPK Bangkinang,100
2025-11-01T00:00:00,ARG SMPK Bangkinang,0
2025-12-01T00:00:00,ARG SMPK Bangkinang,0
2026-01-01T00:00:00,ARG SMPK Bangkinang,0
2021-02-01T00:00:00,ARG Bukit Batu,100
2021-03-01T00:00:00,ARG Bukit Batu,100
2021-04-01T00:00:00,ARG Bukit Batu,89
2021-05-01T00:00:00,ARG Bukit Batu,98
2021-06-01T00:00:00,ARG Bukit Batu,100
2021-07-01T00:00:00,ARG Bukit Batu,94
2021-08-01T00:00:00,ARG Bukit Batu,86
2021-09-01T00:00:00,ARG Bukit Batu,99
2021-10-01T00:00:00,ARG Bukit Batu,99
2021-11-01T00:00:00,ARG Bukit Batu,99
2021-12-01T00:00:00,ARG Bukit Batu,100
2022-01-01T00:00:00,ARG Bukit Batu,96
2022-02-01T00:00:00,ARG Bukit Batu,99
2022-03-01T00:00:00,ARG Bukit Batu,100
2022-04-01T00:00:00,ARG Bukit Batu,99
2022-05-01T00:00:00,ARG Bukit Batu,57
2022-06-01T00:00:00,ARG Bukit Batu,36
2022-07-01T00:00:00,ARG Bukit Batu,26
2022-08-01T00:00:00,ARG Bukit Batu,16
2022-09-01T00:00:00,ARG Bukit Batu,76
2022-10-01T00:00:00,ARG Bukit Batu,100
2022-11-01T00:00:00,ARG Bukit Batu,100
2022-12-01T00:00:00,ARG Bukit Batu,98
2023-01-01T00:00:00,ARG Bukit Batu,100
2023-02-01T00:00:00,ARG Bukit Batu,100
2023-03-01T00:00:00,ARG Bukit Batu,96
2023-04-01T00:00:00,ARG Bukit Batu,100
2023-05-01T00:00:00,ARG Bukit Batu,99
2023-06-01T00:00:00,ARG Bukit Batu,99
2023-07-01T00:00:00,ARG Bukit Batu,100
2023-08-01T00:00:00,ARG Bukit Batu,99
2023-09-01T00:00:00,ARG Bukit Batu,100
2023-10-01T00:00:00,ARG Bukit Batu,100
2023-11-01T00:00:00,ARG Bukit Batu,100
2023-12-01T00:00:00,ARG Bukit Batu,100
2024-01-01T00:00:00,ARG Bukit Batu,100
2024-02-01T00:00:00,ARG Bukit Batu,100
2024-03-01T00:00:00,ARG Bukit Batu,100
2024-04-01T00:00:00,ARG Bukit Batu,100
2024-05-01T00:00:00,ARG Bukit Batu,100
2024-06-01T00:00:00,ARG Bukit Batu,100
2024-07-01T00:00:00,ARG Bukit Batu,100
2024-08-01T00:00:00,ARG Bukit Batu,100
2024-09-01T00:00:00,ARG Bukit Batu,100
2024-10-01T00:00:00,ARG Bukit Batu,94
2024-11-01T00:00:00,ARG Bukit Batu,100
2024-12-01T00:00:00,ARG Bukit Batu,99
2025-01-01T00:00:00,ARG Bukit Batu,99
2025-02-01T00:00:00,ARG Bukit Batu,99
2025-03-01T00:00:00,ARG Bukit Batu,99
2025-04-01T00:00:00,ARG Bukit Batu,100
2025-05-01T00:00:00,ARG Bukit Batu,100
2025-06-01T00:00:00,ARG Bukit Batu,100
2025-07-01T00:00:00,ARG Bukit Batu,100
2025-08-01T00:00:00,ARG Bukit Batu,100
2025-09-01T00:00:00,ARG Bukit Batu,100
2025-10-01T00:00:00,ARG Bukit Batu,100
2025-11-01T00:00:00,ARG Bukit Batu,0
2025-12-01T00:00:00,ARG Bukit Batu,0
2026-01-01T00:00:00,ARG Bukit Batu,0
2021-02-01T00:00:00,ARG Rokan IV Koto,73
2021-03-01T00:00:00,ARG Rokan IV Koto,100
2021-04-01T00:00:00,ARG Rokan IV Koto,89
2021-05-01T00:00:00,ARG Rokan IV Koto,100
2021-06-01T00:00:00,ARG Rokan IV Koto,98
2021-07-01T00:00:00,ARG Rokan IV Koto,90
2021-08-01T00:00:00,ARG Rokan IV Koto,86
2021-09-01T00:00:00,ARG Rokan IV Koto,99
2021-10-01T00:00:00,ARG Rokan IV Koto,98
2021-11-01T00:00:00,ARG Rokan IV Koto,99
2021-12-01T00:00:00,ARG Rokan IV Koto,99
2022-01-01T00:00:00,ARG Rokan IV Koto,93
2022-02-01T00:00:00,ARG Rokan IV Koto,97
2022-03-01T00:00:00,ARG Rokan IV Koto,100
2022-04-01T00:00:00,ARG Rokan IV Koto,98
2022-05-01T00:00:00,ARG Rokan IV Koto,98
2022-06-01T00:00:00,ARG Rokan IV Koto,94
2022-07-01T00:00:00,ARG Rokan IV Koto,80
2022-08-01T00:00:00,ARG Rokan IV Koto,89
2022-09-01T00:00:00,ARG Rokan IV Koto,48
2022-10-01T00:00:00,ARG Rokan IV Koto,13
2022-11-01T00:00:00,ARG Rokan IV Koto,58
2022-12-01T00:00:00,ARG Rokan IV Koto,98
2023-01-01T00:00:00,ARG Rokan IV Koto,99
2023-02-01T00:00:00,ARG Rokan IV Koto,100
2023-03-01T00:00:00,ARG Rokan IV Koto,96
2023-04-01T00:00:00,ARG Rokan IV Koto,99
2023-05-01T00:00:00,ARG Rokan IV Koto,94
2023-06-01T00:00:00,ARG Rokan IV Koto,97
2023-07-01T00:00:00,ARG Rokan IV Koto,79
2023-08-01T00:00:00,ARG Rokan IV Koto,57
2023-09-01T00:00:00,ARG Rokan IV Koto,94
2023-10-01T00:00:00,ARG Rokan IV Koto,98
2023-11-01T00:00:00,ARG Rokan IV Koto,93
2023-12-01T00:00:00,ARG Rokan IV Koto,98
2024-01-01T00:00:00,ARG Rokan IV Koto,94
2024-02-01T00:00:00,ARG Rokan IV Koto,100
2024-03-01T00:00:00,ARG Rokan IV Koto,100
2024-04-01T00:00:00,ARG Rokan IV Koto,91
2024-05-01T00:00:00,ARG Rokan IV Koto,99
2024-06-01T00:00:00,ARG Rokan IV Koto,98
2024-07-01T00:00:00,ARG Rokan IV Koto,84
2024-08-01T00:00:00,ARG Rokan IV Koto,98
2024-09-01T00:00:00,ARG Rokan IV Koto,100
2024-10-01T00:00:00,ARG Rokan IV Koto,97
2024-11-01T00:00:00,ARG Rokan IV Koto,92
2024-12-01T00:00:00,ARG Rokan IV Koto,98
2025-01-01T00:00:00,ARG Rokan IV Koto,100
2025-02-01T00:00:00,ARG Rokan IV Koto,100
2025-03-01T00:00:00,ARG Rokan IV Koto,99
2025-04-01T00:00:00,ARG Rokan IV Koto,80
2025-05-01T00:00:00,ARG Rokan IV Koto,100
2025-06-01T00:00:00,ARG Rokan IV Koto,100
2025-07-01T00:00:00,ARG Rokan IV Koto,64
2025-08-01T00:00:00,ARG Rokan IV Koto,94
2025-09-01T00:00:00,ARG Rokan IV Koto,100
2025-10-01T00:00:00,ARG Rokan IV Koto,90
2025-11-01T00:00:00,ARG Rokan IV Koto,0
2025-12-01T00:00:00,ARG Rokan IV Koto,0
2026-01-01T00:00:00,ARG Rokan IV Koto,0
2021-02-01T00:00:00,ARG Tembilahan,95
2021-03-01T00:00:00,ARG Tembilahan,99
2021-04-01T00:00:00,ARG Tembilahan,97
2021-05-01T00:00:00,ARG Tembilahan,100
2021-06-01T00:00:00,ARG Tembilahan,98
2021-07-01T00:00:00,ARG Tembilahan,99
2021-08-01T00:00:00,ARG Tembilahan,99
2021-09-01T00:00:00,ARG Tembilahan,99
2021-10-01T00:00:00,ARG Tembilahan,97
2021-11-01T00:00:00,ARG Tembilahan,99
2021-12-01T00:00:00,ARG Tembilahan,100
2022-01-01T00:00:00,ARG Tembilahan,93
2022-02-01T00:00:00,ARG Tembilahan,100
2022-03-01T00:00:00,ARG Tembilahan,100
2022-04-01T00:00:00,ARG Tembilahan,98
2022-05-01T00:00:00,ARG Tembilahan,99
2022-06-01T00:00:00,ARG Tembilahan,100
2022-07-01T00:00:00,ARG Tembilahan,97
2022-08-01T00:00:00,ARG Tembilahan,89
2022-09-01T00:00:00,ARG Tembilahan,97
2022-10-01T00:00:00,ARG Tembilahan,98
2022-11-01T00:00:00,ARG Tembilahan,91
2022-12-01T00:00:00,ARG Tembilahan,55
2023-01-01T00:00:00,ARG Tembilahan,54
2023-02-01T00:00:00,ARG Tembilahan,55
2023-03-01T00:00:00,ARG Tembilahan,56
2023-04-01T00:00:00,ARG Tembilahan,57
2023-05-01T00:00:00,ARG Tembilahan,55
2023-06-01T00:00:00,ARG Tembilahan,53
2023-07-01T00:00:00,ARG Tembilahan,54
2023-08-01T00:00:00,ARG Tembilahan,52
2023-09-01T00:00:00,ARG Tembilahan,60
2023-10-01T00:00:00,ARG Tembilahan,99
2023-11-01T00:00:00,ARG Tembilahan,100
2023-12-01T00:00:00,ARG Tembilahan,100
2024-01-01T00:00:00,ARG Tembilahan,95
2024-02-01T00:00:00,ARG Tembilahan,100
2024-03-01T00:00:00,ARG Tembilahan,100
2024-04-01T00:00:00,ARG Tembilahan,100
2024-05-01T00:00:00,ARG Tembilahan,100
2024-06-01T00:00:00,ARG Tembilahan,100
2024-07-01T00:00:00,ARG Tembilahan,100
2024-08-01T00:00:00,ARG Tembilahan,100
2024-09-01T00:00:00,ARG Tembilahan,100
2024-10-01T00:00:00,ARG Tembilahan,100
2024-11-01T00:00:00,ARG Tembilahan,100
2024-12-01T00:00:00,ARG Tembilahan,100
2025-01-01T00:00:00,ARG Tembilahan,87
2025-02-01T00:00:00,ARG Tembilahan,98
2025-03-01T00:00:00,ARG Tembilahan,87
2025-04-01T00:00:00,ARG Tembilahan,56
2025-05-01T00:00:00,ARG Tembilahan,59
2025-06-01T00:00:00,ARG Tembilahan,79
2025-07-01T00:00:00,ARG Tembilahan,82
2025-08-01T00:00:00,ARG Tembilahan,82
2025-09-01T00:00:00,ARG Tembilahan,86
2025-10-01T00:00:00,ARG Tembilahan,98
2025-11-01T00:00:00,ARG Tembilahan,0
2025-12-01T00:00:00,ARG Tembilahan,0
2026-01-01T00:00:00,ARG Tembilahan,0
2021-02-01T00:00:00,ARG Tebing Tinggi,6
2021-03-01T00:00:00,ARG Tebing Tinggi,5
2021-04-01T00:00:00,ARG Tebing Tinggi,5
2021-05-01T00:00:00,ARG Tebing Tinggi,76
2021-06-01T00:00:00,ARG Tebing Tinggi,51
2021-07-01T00:00:00,ARG Tebing Tinggi,50
2021-08-01T00:00:00,ARG Tebing Tinggi,0
2021-09-01T00:00:00,ARG Tebing Tinggi,0
2021-10-01T00:00:00,ARG Tebing Tinggi,0
2021-11-01T00:00:00,ARG Tebing Tinggi,0
2021-12-01T00:00:00,ARG Tebing Tinggi,0
2022-01-01T00:00:00,ARG Tebing Tinggi,0
2022-02-01T00:00:00,ARG Tebing Tinggi,0
2022-03-01T00:00:00,ARG Tebing Tinggi,0
2022-04-01T00:00:00,ARG Tebing Tinggi,0
2022-05-01T00:00:00,ARG Tebing Tinggi,0
2022-06-01T00:00:00,ARG Tebing Tinggi,0
2022-07-01T00:00:00,ARG Tebing Tinggi,95
2022-08-01T00:00:00,ARG Tebing Tinggi,97
2022-09-01T00:00:00,ARG Tebing Tinggi,98
2022-10-01T00:00:00,ARG Tebing Tinggi,98
2022-11-01T00:00:00,ARG Tebing Tinggi,98
2022-12-01T00:00:00,ARG Tebing Tinggi,97
2023-01-01T00:00:00,ARG Tebing Tinggi,100
2023-02-01T00:00:00,ARG Tebing Tinggi,100
2023-03-01T00:00:00,ARG Tebing Tinggi,96
2023-04-01T00:00:00,ARG Tebing Tinggi,58
2023-05-01T00:00:00,ARG Tebing Tinggi,99
2023-06-01T00:00:00,ARG Tebing Tinggi,99
2023-07-01T00:00:00,ARG Tebing Tinggi,100
2023-08-01T00:00:00,ARG Tebing Tinggi,99
2023-09-01T00:00:00,ARG Tebing Tinggi,99
2023-10-01T00:00:00,ARG Tebing Tinggi,99
2023-11-01T00:00:00,ARG Tebing Tinggi,100
2023-12-01T00:00:00,ARG Tebing Tinggi,100
2024-01-01T00:00:00,ARG Tebing Tinggi,100
2024-02-01T00:00:00,ARG Tebing Tinggi,100
2024-03-01T00:00:00,ARG Tebing Tinggi,100
2024-04-01T00:00:00,ARG Tebing Tinggi,100
2024-05-01T00:00:00,ARG Tebing Tinggi,100
2024-06-01T00:00:00,ARG Tebing Tinggi,100
2024-07-01T00:00:00,ARG Tebing Tinggi,91
2024-08-01T00:00:00,ARG Tebing Tinggi,91
2024-09-01T00:00:00,ARG Tebing Tinggi,100
2024-10-01T00:00:00,ARG Tebing Tinggi,90
2024-11-01T00:00:00,ARG Tebing Tinggi,86
2024-12-01T00:00:00,ARG Tebing Tinggi,99
2025-01-01T00:00:00,ARG Tebing Tinggi,92
2025-02-01T00:00:00,ARG Tebing Tinggi,93
2025-03-01T00:00:00,ARG Tebing Tinggi,99
2025-04-01T00:00:00,ARG Tebing Tinggi,74
2025-05-01T00:00:00,ARG Tebing Tinggi,99
2025-06-01T00:00:00,ARG Tebing Tinggi,95
2025-07-01T00:00:00,ARG Tebing Tinggi,98
2025-08-01T00:00:00,ARG Tebing Tinggi,98
2025-09-01T00:00:00,ARG Tebing Tinggi,69
2025-10-01T00:00:00,ARG Tebing Tinggi,52
2025-11-01T00:00:00,ARG Tebing Tinggi,0
2025-12-01T00:00:00,ARG Tebing Tinggi,0
2026-01-01T00:00:00,ARG Tebing Tinggi,0
2021-02-01T00:00:00,ARG Batang Cenaku,99
2021-03-01T00:00:00,ARG Batang Cenaku,99
2021-04-01T00:00:00,ARG Batang Cenaku,92
2021-05-01T00:00:00,ARG Batang Cenaku,94
2021-06-01T00:00:00,ARG Batang Cenaku,98
2021-07-01T00:00:00,ARG Batang Cenaku,87
2021-08-01T00:00:00,ARG Batang Cenaku,86
2021-09-01T00:00:00,ARG Batang Cenaku,98
2021-10-01T00:00:00,ARG Batang Cenaku,99
2021-11-01T00:00:00,ARG Batang Cenaku,99
2021-12-01T00:00:00,ARG Batang Cenaku,98
2022-01-01T00:00:00,ARG Batang Cenaku,96
2022-02-01T00:00:00,ARG Batang Cenaku,98
2022-03-01T00:00:00,ARG Batang Cenaku,100
2022-04-01T00:00:00,ARG Batang Cenaku,99
2022-05-01T00:00:00,ARG Batang Cenaku,99
2022-06-01T00:00:00,ARG Batang Cenaku,100
2022-07-01T00:00:00,ARG Batang Cenaku,98
2022-08-01T00:00:00,ARG Batang Cenaku,99
2022-09-01T00:00:00,ARG Batang Cenaku,99
2022-10-01T00:00:00,ARG Batang Cenaku,99
2022-11-01T00:00:00,ARG Batang Cenaku,100
2022-12-01T00:00:00,ARG Batang Cenaku,99
2023-01-01T00:00:00,ARG Batang Cenaku,98
2023-02-01T00:00:00,ARG Batang Cenaku,99
2023-03-01T00:00:00,ARG Batang Cenaku,96
2023-04-01T00:00:00,ARG Batang Cenaku,100
2023-05-01T00:00:00,ARG Batang Cenaku,99
2023-06-01T00:00:00,ARG Batang Cenaku,100
2023-07-01T00:00:00,ARG Batang Cenaku,99
2023-08-01T00:00:00,ARG Batang Cenaku,96
2023-09-01T00:00:00,ARG Batang Cenaku,98
2023-10-01T00:00:00,ARG Batang Cenaku,99
2023-11-01T00:00:00,ARG Batang Cenaku,94
2023-12-01T00:00:00,ARG Batang Cenaku,36
2024-01-01T00:00:00,ARG Batang Cenaku,15
2024-02-01T00:00:00,ARG Batang Cenaku,12
2024-03-01T00:00:00,ARG Batang Cenaku,12
2024-04-01T00:00:00,ARG Batang Cenaku,15
2024-05-01T00:00:00,ARG Batang Cenaku,36
2024-06-01T00:00:00,ARG Batang Cenaku,41
2024-07-01T00:00:00,ARG Batang Cenaku,38
2024-08-01T00:00:00,ARG Batang Cenaku,42
2024-09-01T00:00:00,ARG Batang Cenaku,63
2024-10-01T00:00:00,ARG Batang Cenaku,64
2024-11-01T00:00:00,ARG Batang Cenaku,56
2024-12-01T00:00:00,ARG Batang Cenaku,49
2025-01-01T00:00:00,ARG Batang Cenaku,95
2025-02-01T00:00:00,ARG Batang Cenaku,99
2025-03-01T00:00:00,ARG Batang Cenaku,90
2025-04-01T00:00:00,ARG Batang Cenaku,9
2025-05-01T00:00:00,ARG Batang Cenaku,99
2025-06-01T00:00:00,ARG Batang Cenaku,85
2025-07-01T00:00:00,ARG Batang Cenaku,98
2025-08-01T00:00:00,ARG Batang Cenaku,84
2025-09-01T00:00:00,ARG Batang Cenaku,80
2025-10-01T00:00:00,ARG Batang Cenaku,99
2025-11-01T00:00:00,ARG Batang Cenaku,0
2025-12-01T00:00:00,ARG Batang Cenaku,0
2026-01-01T00:00:00,ARG Batang Cenaku,0
2021-02-01T00:00:00,ARG Dumai Timur,100
2021-03-01T00:00:00,ARG Dumai Timur,100
2021-04-01T00:00:00,ARG Dumai Timur,89
2021-05-01T00:00:00,ARG Dumai Timur,98
2021-06-01T00:00:00,ARG Dumai Timur,100
2021-07-01T00:00:00,ARG Dumai Timur,93
2021-08-01T00:00:00,ARG Dumai Timur,85
2021-09-01T00:00:00,ARG Dumai Timur,99
2021-10-01T00:00:00,ARG Dumai Timur,99
2021-11-01T00:00:00,ARG Dumai Timur,99
2021-12-01T00:00:00,ARG Dumai Timur,100
2022-01-01T00:00:00,ARG Dumai Timur,96
2022-02-01T00:00:00,ARG Dumai Timur,99
2022-03-01T00:00:00,ARG Dumai Timur,100
2022-04-01T00:00:00,ARG Dumai Timur,100
2022-05-01T00:00:00,ARG Dumai Timur,99
2022-06-01T00:00:00,ARG Dumai Timur,100
2022-07-01T00:00:00,ARG Dumai Timur,98
2022-08-01T00:00:00,ARG Dumai Timur,99
2022-09-01T00:00:00,ARG Dumai Timur,99
2022-10-01T00:00:00,ARG Dumai Timur,99
2022-11-01T00:00:00,ARG Dumai Timur,100
2022-12-01T00:00:00,ARG Dumai Timur,49
2023-01-01T00:00:00,ARG Dumai Timur,92
2023-02-01T00:00:00,ARG Dumai Timur,99
2023-03-01T00:00:00,ARG Dumai Timur,98
2023-04-01T00:00:00,ARG Dumai Timur,99
2023-05-01T00:00:00,ARG Dumai Timur,99
2023-06-01T00:00:00,ARG Dumai Timur,100
2023-07-01T00:00:00,ARG Dumai Timur,100
2023-08-01T00:00:00,ARG Dumai Timur,96
2023-09-01T00:00:00,ARG Dumai Timur,98
2023-10-01T00:00:00,ARG Dumai Timur,99
2023-11-01T00:00:00,ARG Dumai Timur,97
2023-12-01T00:00:00,ARG Dumai Timur,99
2024-01-01T00:00:00,ARG Dumai Timur,94
2024-02-01T00:00:00,ARG Dumai Timur,100
2024-03-01T00:00:00,ARG Dumai Timur,100
2024-04-01T00:00:00,ARG Dumai Timur,99
2024-05-01T00:00:00,ARG Dumai Timur,100
2024-06-01T00:00:00,ARG Dumai Timur,100
2024-07-01T00:00:00,ARG Dumai Timur,100
2024-08-01T00:00:00,ARG Dumai Timur,100
2024-09-01T00:00:00,ARG Dumai Timur,100
2024-10-01T00:00:00,ARG Dumai Timur,99
2024-11-01T00:00:00,ARG Dumai Timur,100
2024-12-01T00:00:00,ARG Dumai Timur,94
2025-01-01T00:00:00,ARG Dumai Timur,68
2025-02-01T00:00:00,ARG Dumai Timur,100
2025-03-01T00:00:00,ARG Dumai Timur,100
2025-04-01T00:00:00,ARG Dumai Timur,100
2025-05-01T00:00:00,ARG Dumai Timur,100
2025-06-01T00:00:00,ARG Dumai Timur,100
2025-07-01T00:00:00,ARG Dumai Timur,100
2025-08-01T00:00:00,ARG Dumai Timur,100
2025-09-01T00:00:00,ARG Dumai Timur,100
2025-10-01T00:00:00,ARG Dumai Timur,100
2025-11-01T00:00:00,ARG Dumai Timur,0
2025-12-01T00:00:00,ARG Dumai Timur,0
2026-01-01T00:00:00,ARG Dumai Timur,0
2021-02-01T00:00:00,ARG SMPK Bunga Raya,100
2021-03-01T00:00:00,ARG SMPK Bunga Raya,100
2021-04-01T00:00:00,ARG SMPK Bunga Raya,90
2021-05-01T00:00:00,ARG SMPK Bunga Raya,100
2021-06-01T00:00:00,ARG SMPK Bunga Raya,100
2021-07-01T00:00:00,ARG SMPK Bunga Raya,93
2021-08-01T00:00:00,ARG SMPK Bunga Raya,85
2021-09-01T00:00:00,ARG SMPK Bunga Raya,99
2021-10-01T00:00:00,ARG SMPK Bunga Raya,99
2021-11-01T00:00:00,ARG SMPK Bunga Raya,99
2021-12-01T00:00:00,ARG SMPK Bunga Raya,100
2022-01-01T00:00:00,ARG SMPK Bunga Raya,98
2022-02-01T00:00:00,ARG SMPK Bunga Raya,99
2022-03-01T00:00:00,ARG SMPK Bunga Raya,100
2022-04-01T00:00:00,ARG SMPK Bunga Raya,100
2022-05-01T00:00:00,ARG SMPK Bunga Raya,99
2022-06-01T00:00:00,ARG SMPK Bunga Raya,100
2022-07-01T00:00:00,ARG SMPK Bunga Raya,98
2022-08-01T00:00:00,ARG SMPK Bunga Raya,99
2022-09-01T00:00:00,ARG SMPK Bunga Raya,99
2022-10-01T00:00:00,ARG SMPK Bunga Raya,99
2022-11-01T00:00:00,ARG SMPK Bunga Raya,100
2022-12-01T00:00:00,ARG SMPK Bunga Raya,98
2023-01-01T00:00:00,ARG SMPK Bunga Raya,99
2023-02-01T00:00:00,ARG SMPK Bunga Raya,100
2023-03-01T00:00:00,ARG SMPK Bunga Raya,95
2023-04-01T00:00:00,ARG SMPK Bunga Raya,99
2023-05-01T00:00:00,ARG SMPK Bunga Raya,99
2023-06-01T00:00:00,ARG SMPK Bunga Raya,99
2023-07-01T00:00:00,ARG SMPK Bunga Raya,97
2023-08-01T00:00:00,ARG SMPK Bunga Raya,64
2023-09-01T00:00:00,ARG SMPK Bunga Raya,95
2023-10-01T00:00:00,ARG SMPK Bunga Raya,99
2023-11-01T00:00:00,ARG SMPK Bunga Raya,100
2023-12-01T00:00:00,ARG SMPK Bunga Raya,99
2024-01-01T00:00:00,ARG SMPK Bunga Raya,98
2024-02-01T00:00:00,ARG SMPK Bunga Raya,99
2024-03-01T00:00:00,ARG SMPK Bunga Raya,98
2024-04-01T00:00:00,ARG SMPK Bunga Raya,100
2024-05-01T00:00:00,ARG SMPK Bunga Raya,100
2024-06-01T00:00:00,ARG SMPK Bunga Raya,99
2024-07-01T00:00:00,ARG SMPK Bunga Raya,90
2024-08-01T00:00:00,ARG SMPK Bunga Raya,100
2024-09-01T00:00:00,ARG SMPK Bunga Raya,99
2024-10-01T00:00:00,ARG SMPK Bunga Raya,91
2024-11-01T00:00:00,ARG SMPK Bunga Raya,100
2024-12-01T00:00:00,ARG SMPK Bunga Raya,99
2025-01-01T00:00:00,ARG SMPK Bunga Raya,100
2025-02-01T00:00:00,ARG SMPK Bunga Raya,100
2025-03-01T00:00:00,ARG SMPK Bunga Raya,100
2025-04-01T00:00:00,ARG SMPK Bunga Raya,100
2025-05-01T00:00:00,ARG SMPK Bunga Raya,100
2025-06-01T00:00:00,ARG SMPK Bunga Raya,100
2025-07-01T00:00:00,ARG SMPK Bunga Raya,100
2025-08-01T00:00:00,ARG SMPK Bunga Raya,100
2025-09-01T00:00:00,ARG SMPK Bunga Raya,100
2025-10-01T00:00:00,ARG SMPK Bunga Raya,100
2025-11-01T00:00:00,ARG SMPK Bunga Raya,0
2025-12-01T00:00:00,ARG SMPK Bunga Raya,0
2026-01-01T00:00:00,ARG SMPK Bunga Raya,0
2021-02-01T00:00:00,ARG BPP Rumbai Timur,93
2021-03-01T00:00:00,ARG BPP Rumbai Timur,87
2021-04-01T00:00:00,ARG BPP Rumbai Timur,68
2021-05-01T00:00:00,ARG BPP Rumbai Timur,86
2021-06-01T00:00:00,ARG BPP Rumbai Timur,96
2021-07-01T00:00:00,ARG BPP Rumbai Timur,91
2021-08-01T00:00:00,ARG BPP Rumbai Timur,85
2021-09-01T00:00:00,ARG BPP Rumbai Timur,96
2021-10-01T00:00:00,ARG BPP Rumbai Timur,96
2021-11-01T00:00:00,ARG BPP Rumbai Timur,95
2021-12-01T00:00:00,ARG BPP Rumbai Timur,95
2022-01-01T00:00:00,ARG BPP Rumbai Timur,93
2022-02-01T00:00:00,ARG BPP Rumbai Timur,95
2022-03-01T00:00:00,ARG BPP Rumbai Timur,98
2022-04-01T00:00:00,ARG BPP Rumbai Timur,97
2022-05-01T00:00:00,ARG BPP Rumbai Timur,97
2022-06-01T00:00:00,ARG BPP Rumbai Timur,95
2022-07-01T00:00:00,ARG BPP Rumbai Timur,90
2022-08-01T00:00:00,ARG BPP Rumbai Timur,87
2022-09-01T00:00:00,ARG BPP Rumbai Timur,95
2022-10-01T00:00:00,ARG BPP Rumbai Timur,97
2022-11-01T00:00:00,ARG BPP Rumbai Timur,98
2022-12-01T00:00:00,ARG BPP Rumbai Timur,92
2023-01-01T00:00:00,ARG BPP Rumbai Timur,76
2023-02-01T00:00:00,ARG BPP Rumbai Timur,51
2023-03-01T00:00:00,ARG BPP Rumbai Timur,64
2023-04-01T00:00:00,ARG BPP Rumbai Timur,21
2023-05-01T00:00:00,ARG BPP Rumbai Timur,24
2023-06-01T00:00:00,ARG BPP Rumbai Timur,18
2023-07-01T00:00:00,ARG BPP Rumbai Timur,24
2023-08-01T00:00:00,ARG BPP Rumbai Timur,7
2023-09-01T00:00:00,ARG BPP Rumbai Timur,9
2023-10-01T00:00:00,ARG BPP Rumbai Timur,10
2023-11-01T00:00:00,ARG BPP Rumbai Timur,8
2023-12-01T00:00:00,ARG BPP Rumbai Timur,34
2024-01-01T00:00:00,ARG BPP Rumbai Timur,19
2024-02-01T00:00:00,ARG BPP Rumbai Timur,24
2024-03-01T00:00:00,ARG BPP Rumbai Timur,42
2024-04-01T00:00:00,ARG BPP Rumbai Timur,26
2024-05-01T00:00:00,ARG BPP Rumbai Timur,30
2024-06-01T00:00:00,ARG BPP Rumbai Timur,14
2024-07-01T00:00:00,ARG BPP Rumbai Timur,6
2024-08-01T00:00:00,ARG BPP Rumbai Timur,13
2024-09-01T00:00:00,ARG BPP Rumbai Timur,3
2024-10-01T00:00:00,ARG BPP Rumbai Timur,0
2024-11-01T00:00:00,ARG BPP Rumbai Timur,76
2024-12-01T00:00:00,ARG BPP Rumbai Timur,100
2025-01-01T00:00:00,ARG BPP Rumbai Timur,100
2025-02-01T00:00:00,ARG BPP Rumbai Timur,96
2025-03-01T00:00:00,ARG BPP Rumbai Timur,100
2025-04-01T00:00:00,ARG BPP Rumbai Timur,85
2025-05-01T00:00:00,ARG BPP Rumbai Timur,45
2025-06-01T00:00:00,ARG BPP Rumbai Timur,100
2025-07-01T00:00:00,ARG BPP Rumbai Timur,100
2025-08-01T00:00:00,ARG BPP Rumbai Timur,100
2025-09-01T00:00:00,ARG BPP Rumbai Timur,100
2025-10-01T00:00:00,ARG BPP Rumbai Timur,98
2025-11-01T00:00:00,ARG BPP Rumbai Timur,0
2025-12-01T00:00:00,ARG BPP Rumbai Timur,0
2026-01-01T00:00:00,ARG BPP Rumbai Timur,0
2021-02-01T00:00:00,ARG BPP Kampar Kiri,74
2021-03-01T00:00:00,ARG BPP Kampar Kiri,66
2021-04-01T00:00:00,ARG BPP Kampar Kiri,61
2021-05-01T00:00:00,ARG BPP Kampar Kiri,83
2021-06-01T00:00:00,ARG BPP Kampar Kiri,92
2021-07-01T00:00:00,ARG BPP Kampar Kiri,80
2021-08-01T00:00:00,ARG BPP Kampar Kiri,71
2021-09-01T00:00:00,ARG BPP Kampar Kiri,84
2021-10-01T00:00:00,ARG BPP Kampar Kiri,76
2021-11-01T00:00:00,ARG BPP Kampar Kiri,86
2021-12-01T00:00:00,ARG BPP Kampar Kiri,90
2022-01-01T00:00:00,ARG BPP Kampar Kiri,88
2022-02-01T00:00:00,ARG BPP Kampar Kiri,79
2022-03-01T00:00:00,ARG BPP Kampar Kiri,79
2022-04-01T00:00:00,ARG BPP Kampar Kiri,70
2022-05-01T00:00:00,ARG BPP Kampar Kiri,71
2022-06-01T00:00:00,ARG BPP Kampar Kiri,73
2022-07-01T00:00:00,ARG BPP Kampar Kiri,55
2022-08-01T00:00:00,ARG BPP Kampar Kiri,36
2022-09-01T00:00:00,ARG BPP Kampar Kiri,58
2022-10-01T00:00:00,ARG BPP Kampar Kiri,59
2022-11-01T00:00:00,ARG BPP Kampar Kiri,36
2022-12-01T00:00:00,ARG BPP Kampar Kiri,32
2023-01-01T00:00:00,ARG BPP Kampar Kiri,32
2023-02-01T00:00:00,ARG BPP Kampar Kiri,18
2023-03-01T00:00:00,ARG BPP Kampar Kiri,33
2023-04-01T00:00:00,ARG BPP Kampar Kiri,39
2023-05-01T00:00:00,ARG BPP Kampar Kiri,53
2023-06-01T00:00:00,ARG BPP Kampar Kiri,55
2023-07-01T00:00:00,ARG BPP Kampar Kiri,52
2023-08-01T00:00:00,ARG BPP Kampar Kiri,51
2023-09-01T00:00:00,ARG BPP Kampar Kiri,52
2023-10-01T00:00:00,ARG BPP Kampar Kiri,53
2023-11-01T00:00:00,ARG BPP Kampar Kiri,55
2023-12-01T00:00:00,ARG BPP Kampar Kiri,81
2024-01-01T00:00:00,ARG BPP Kampar Kiri,90
2024-02-01T00:00:00,ARG BPP Kampar Kiri,97
2024-03-01T00:00:00,ARG BPP Kampar Kiri,98
2024-04-01T00:00:00,ARG BPP Kampar Kiri,97
2024-05-01T00:00:00,ARG BPP Kampar Kiri,99
2024-06-01T00:00:00,ARG BPP Kampar Kiri,99
2024-07-01T00:00:00,ARG BPP Kampar Kiri,99
2024-08-01T00:00:00,ARG BPP Kampar Kiri,98
2024-09-01T00:00:00,ARG BPP Kampar Kiri,9
2024-10-01T00:00:00,ARG BPP Kampar Kiri,97
2024-11-01T00:00:00,ARG BPP Kampar Kiri,100
2024-12-01T00:00:00,ARG BPP Kampar Kiri,100
2025-01-01T00:00:00,ARG BPP Kampar Kiri,100
2025-02-01T00:00:00,ARG BPP Kampar Kiri,99
2025-03-01T00:00:00,ARG BPP Kampar Kiri,99
2025-04-01T00:00:00,ARG BPP Kampar Kiri,99
2025-05-01T00:00:00,ARG BPP Kampar Kiri,100
2025-06-01T00:00:00,ARG BPP Kampar Kiri,100
2025-07-01T00:00:00,ARG BPP Kampar Kiri,100
2025-08-01T00:00:00,ARG BPP Kampar Kiri,100
2025-09-01T00:00:00,ARG BPP Kampar Kiri,100
2025-10-01T00:00:00,ARG BPP Kampar Kiri,100
2025-11-01T00:00:00,ARG BPP Kampar Kiri,0
2025-12-01T00:00:00,ARG BPP Kampar Kiri,0
2026-01-01T00:00:00,ARG BPP Kampar Kiri,0
2021-02-01T00:00:00,AWS Pekan Arba Indragiri Hilir,82
2021-03-01T00:00:00,AWS Pekan Arba Indragiri Hilir,80
2021-04-01T00:00:00,AWS Pekan Arba Indragiri Hilir,75
2021-05-01T00:00:00,AWS Pekan Arba Indragiri Hilir,72
2021-06-01T00:00:00,AWS Pekan Arba Indragiri Hilir,79
2021-07-01T00:00:00,AWS Pekan Arba Indragiri Hilir,64
2021-08-01T00:00:00,AWS Pekan Arba Indragiri Hilir,40
2021-09-01T00:00:00,AWS Pekan Arba Indragiri Hilir,9
2021-10-01T00:00:00,AWS Pekan Arba Indragiri Hilir,2
2021-11-01T00:00:00,AWS Pekan Arba Indragiri Hilir,0
2021-12-01T00:00:00,AWS Pekan Arba Indragiri Hilir,6
2022-01-01T00:00:00,AWS Pekan Arba Indragiri Hilir,0
2022-02-01T00:00:00,AWS Pekan Arba Indragiri Hilir,0
2022-03-01T00:00:00,AWS Pekan Arba Indragiri Hilir,0
2022-04-01T00:00:00,AWS Pekan Arba Indragiri Hilir,0
2022-05-01T00:00:00,AWS Pekan Arba Indragiri Hilir,0
2022-06-01T00:00:00,AWS Pekan Arba Indragiri Hilir,1
2022-07-01T00:00:00,AWS Pekan Arba Indragiri Hilir,1
2022-08-01T00:00:00,AWS Pekan Arba Indragiri Hilir,1
2022-09-01T00:00:00,AWS Pekan Arba Indragiri Hilir,44
2022-10-01T00:00:00,AWS Pekan Arba Indragiri Hilir,21
2022-11-01T00:00:00,AWS Pekan Arba Indragiri Hilir,92
2022-12-01T00:00:00,AWS Pekan Arba Indragiri Hilir,98
2023-01-01T00:00:00,AWS Pekan Arba Indragiri Hilir,99
2023-02-01T00:00:00,AWS Pekan Arba Indragiri Hilir,76
2023-03-01T00:00:00,AWS Pekan Arba Indragiri Hilir,47
2023-04-01T00:00:00,AWS Pekan Arba Indragiri Hilir,100
2023-05-01T00:00:00,AWS Pekan Arba Indragiri Hilir,97
2023-06-01T00:00:00,AWS Pekan Arba Indragiri Hilir,98
2023-07-01T00:00:00,AWS Pekan Arba Indragiri Hilir,97
2023-08-01T00:00:00,AWS Pekan Arba Indragiri Hilir,93
2023-09-01T00:00:00,AWS Pekan Arba Indragiri Hilir,32
2023-10-01T00:00:00,AWS Pekan Arba Indragiri Hilir,98
2023-11-01T00:00:00,AWS Pekan Arba Indragiri Hilir,98
2023-12-01T00:00:00,AWS Pekan Arba Indragiri Hilir,92
2024-01-01T00:00:00,AWS Pekan Arba Indragiri Hilir,92
2024-02-01T00:00:00,AWS Pekan Arba Indragiri Hilir,99
2024-03-01T00:00:00,AWS Pekan Arba Indragiri Hilir,97
2024-04-01T00:00:00,AWS Pekan Arba Indragiri Hilir,99
2024-05-01T00:00:00,AWS Pekan Arba Indragiri Hilir,99
2024-06-01T00:00:00,AWS Pekan Arba Indragiri Hilir,100
2024-07-01T00:00:00,AWS Pekan Arba Indragiri Hilir,100
2024-08-01T00:00:00,AWS Pekan Arba Indragiri Hilir,96
2024-09-01T00:00:00,AWS Pekan Arba Indragiri Hilir,97
2024-10-01T00:00:00,AWS Pekan Arba Indragiri Hilir,93
2024-11-01T00:00:00,AWS Pekan Arba Indragiri Hilir,94
2024-12-01T00:00:00,AWS Pekan Arba Indragiri Hilir,94
2025-01-01T00:00:00,AWS Pekan Arba Indragiri Hilir,92
2025-02-01T00:00:00,AWS Pekan Arba Indragiri Hilir,96
2025-03-01T00:00:00,AWS Pekan Arba Indragiri Hilir,87
2025-04-01T00:00:00,AWS Pekan Arba Indragiri Hilir,63
2025-05-01T00:00:00,AWS Pekan Arba Indragiri Hilir,93
2025-06-01T00:00:00,AWS Pekan Arba Indragiri Hilir,56
2025-07-01T00:00:00,AWS Pekan Arba Indragiri Hilir,83
2025-08-01T00:00:00,AWS Pekan Arba Indragiri Hilir,85
2025-09-01T00:00:00,AWS Pekan Arba Indragiri Hilir,90
2025-10-01T00:00:00,AWS Pekan Arba Indragiri Hilir,92
2025-11-01T00:00:00,AWS Pekan Arba Indragiri Hilir,0
2025-12-01T00:00:00,AWS Pekan Arba Indragiri Hilir,0
2026-01-01T00:00:00,AWS Pekan Arba Indragiri Hilir,0
2021-02-01T00:00:00,AWS Digi Stamet Pekanbaru,100
2021-03-01T00:00:00,AWS Digi Stamet Pekanbaru,86
2021-04-01T00:00:00,AWS Digi Stamet Pekanbaru,75
2021-05-01T00:00:00,AWS Digi Stamet Pekanbaru,36
2021-06-01T00:00:00,AWS Digi Stamet Pekanbaru,94
2021-07-01T00:00:00,AWS Digi Stamet Pekanbaru,83
2021-08-01T00:00:00,AWS Digi Stamet Pekanbaru,80
2021-09-01T00:00:00,AWS Digi Stamet Pekanbaru,86
2021-10-01T00:00:00,AWS Digi Stamet Pekanbaru,91
2021-11-01T00:00:00,AWS Digi Stamet Pekanbaru,82
2021-12-01T00:00:00,AWS Digi Stamet Pekanbaru,52
2022-01-01T00:00:00,AWS Digi Stamet Pekanbaru,54
2022-02-01T00:00:00,AWS Digi Stamet Pekanbaru,54
2022-03-01T00:00:00,AWS Digi Stamet Pekanbaru,82
2022-04-01T00:00:00,AWS Digi Stamet Pekanbaru,69
2022-05-01T00:00:00,AWS Digi Stamet Pekanbaru,82
2022-06-01T00:00:00,AWS Digi Stamet Pekanbaru,77
2022-07-01T00:00:00,AWS Digi Stamet Pekanbaru,95
2022-08-01T00:00:00,AWS Digi Stamet Pekanbaru,98
2022-09-01T00:00:00,AWS Digi Stamet Pekanbaru,99
2022-10-01T00:00:00,AWS Digi Stamet Pekanbaru,91
2022-11-01T00:00:00,AWS Digi Stamet Pekanbaru,98
2022-12-01T00:00:00,AWS Digi Stamet Pekanbaru,99
2023-01-01T00:00:00,AWS Digi Stamet Pekanbaru,98
2023-02-01T00:00:00,AWS Digi Stamet Pekanbaru,99
2023-03-01T00:00:00,AWS Digi Stamet Pekanbaru,93
2023-04-01T00:00:00,AWS Digi Stamet Pekanbaru,100
2023-05-01T00:00:00,AWS Digi Stamet Pekanbaru,100
2023-06-01T00:00:00,AWS Digi Stamet Pekanbaru,96
2023-07-01T00:00:00,AWS Digi Stamet Pekanbaru,99
2023-08-01T00:00:00,AWS Digi Stamet Pekanbaru,96
2023-09-01T00:00:00,AWS Digi Stamet Pekanbaru,100
2023-10-01T00:00:00,AWS Digi Stamet Pekanbaru,99
2023-11-01T00:00:00,AWS Digi Stamet Pekanbaru,100
2023-12-01T00:00:00,AWS Digi Stamet Pekanbaru,100
2024-01-01T00:00:00,AWS Digi Stamet Pekanbaru,94
2024-02-01T00:00:00,AWS Digi Stamet Pekanbaru,100
2024-03-01T00:00:00,AWS Digi Stamet Pekanbaru,99
2024-04-01T00:00:00,AWS Digi Stamet Pekanbaru,100
2024-05-01T00:00:00,AWS Digi Stamet Pekanbaru,96
2024-06-01T00:00:00,AWS Digi Stamet Pekanbaru,96
2024-07-01T00:00:00,AWS Digi Stamet Pekanbaru,98
2024-08-01T00:00:00,AWS Digi Stamet Pekanbaru,95
2024-09-01T00:00:00,AWS Digi Stamet Pekanbaru,100
2024-10-01T00:00:00,AWS Digi Stamet Pekanbaru,96
2024-11-01T00:00:00,AWS Digi Stamet Pekanbaru,100
2024-12-01T00:00:00,AWS Digi Stamet Pekanbaru,100
2025-01-01T00:00:00,AWS Digi Stamet Pekanbaru,95
2025-02-01T00:00:00,AWS Digi Stamet Pekanbaru,100
2025-03-01T00:00:00,AWS Digi Stamet Pekanbaru,98
2025-04-01T00:00:00,AWS Digi Stamet Pekanbaru,100
2025-05-01T00:00:00,AWS Digi Stamet Pekanbaru,100
2025-06-01T00:00:00,AWS Digi Stamet Pekanbaru,93
2025-07-01T00:00:00,AWS Digi Stamet Pekanbaru,100
2025-08-01T00:00:00,AWS Digi Stamet Pekanbaru,100
2025-09-01T00:00:00,AWS Digi Stamet Pekanbaru,100
2025-10-01T00:00:00,AWS Digi Stamet Pekanbaru,100
2025-11-01T00:00:00,AWS Digi Stamet Pekanbaru,0
2025-12-01T00:00:00,AWS Digi Stamet Pekanbaru,0
2026-01-01T00:00:00,AWS Digi Stamet Pekanbaru,0
2021-02-01T00:00:00,AWS Mesonetwork Rokan Hulu,0
2021-03-01T00:00:00,AWS Mesonetwork Rokan Hulu,0
2021-04-01T00:00:00,AWS Mesonetwork Rokan Hulu,0
2021-05-01T00:00:00,AWS Mesonetwork Rokan Hulu,0
2021-06-01T00:00:00,AWS Mesonetwork Rokan Hulu,0
2021-07-01T00:00:00,AWS Mesonetwork Rokan Hulu,0
2021-08-01T00:00:00,AWS Mesonetwork Rokan Hulu,0
2021-09-01T00:00:00,AWS Mesonetwork Rokan Hulu,0
2021-10-01T00:00:00,AWS Mesonetwork Rokan Hulu,0
2021-11-01T00:00:00,AWS Mesonetwork Rokan Hulu,0
2021-12-01T00:00:00,AWS Mesonetwork Rokan Hulu,0
2022-01-01T00:00:00,AWS Mesonetwork Rokan Hulu,0
2022-02-01T00:00:00,AWS Mesonetwork Rokan Hulu,0
2022-03-01T00:00:00,AWS Mesonetwork Rokan Hulu,0
2022-04-01T00:00:00,AWS Mesonetwork Rokan Hulu,0
2022-05-01T00:00:00,AWS Mesonetwork Rokan Hulu,0
2022-06-01T00:00:00,AWS Mesonetwork Rokan Hulu,0
2022-07-01T00:00:00,AWS Mesonetwork Rokan Hulu,0
2022-08-01T00:00:00,AWS Mesonetwork Rokan Hulu,0
2022-09-01T00:00:00,AWS Mesonetwork Rokan Hulu,0
2022-10-01T00:00:00,AWS Mesonetwork Rokan Hulu,0
2022-11-01T00:00:00,AWS Mesonetwork Rokan Hulu,0
2022-12-01T00:00:00,AWS Mesonetwork Rokan Hulu,0
2023-01-01T00:00:00,AWS Mesonetwork Rokan Hulu,0
2023-02-01T00:00:00,AWS Mesonetwork Rokan Hulu,0
2023-03-01T00:00:00,AWS Mesonetwork Rokan Hulu,0
2023-04-01T00:00:00,AWS Mesonetwork Rokan Hulu,0
2023-05-01T00:00:00,AWS Mesonetwork Rokan Hulu,0
2023-06-01T00:00:00,AWS Mesonetwork Rokan Hulu,0
2023-07-01T00:00:00,AWS Mesonetwork Rokan Hulu,0
2023-08-01T00:00:00,AWS Mesonetwork Rokan Hulu,0
2023-09-01T00:00:00,AWS Mesonetwork Rokan Hulu,149
2023-10-01T00:00:00,AWS Mesonetwork Rokan Hulu,307
2023-11-01T00:00:00,AWS Mesonetwork Rokan Hulu,999
2023-12-01T00:00:00,AWS Mesonetwork Rokan Hulu,987
2024-01-01T00:00:00,AWS Mesonetwork Rokan Hulu,962
2024-02-01T00:00:00,AWS Mesonetwork Rokan Hulu,998
2024-03-01T00:00:00,AWS Mesonetwork Rokan Hulu,996
2024-04-01T00:00:00,AWS Mesonetwork Rokan Hulu,681
2024-05-01T00:00:00,AWS Mesonetwork Rokan Hulu,99
2024-06-01T00:00:00,AWS Mesonetwork Rokan Hulu,99
2024-07-01T00:00:00,AWS Mesonetwork Rokan Hulu,99
2024-08-01T00:00:00,AWS Mesonetwork Rokan Hulu,99
2024-09-01T00:00:00,AWS Mesonetwork Rokan Hulu,98
2024-10-01T00:00:00,AWS Mesonetwork Rokan Hulu,48
2024-11-01T00:00:00,AWS Mesonetwork Rokan Hulu,100
2024-12-01T00:00:00,AWS Mesonetwork Rokan Hulu,100
2025-01-01T00:00:00,AWS Mesonetwork Rokan Hulu,100
2025-02-01T00:00:00,AWS Mesonetwork Rokan Hulu,100
2025-03-01T00:00:00,AWS Mesonetwork Rokan Hulu,100
2025-04-01T00:00:00,AWS Mesonetwork Rokan Hulu,100
2025-05-01T00:00:00,AWS Mesonetwork Rokan Hulu,100
2025-06-01T00:00:00,AWS Mesonetwork Rokan Hulu,100
2025-07-01T00:00:00,AWS Mesonetwork Rokan Hulu,100
2025-08-01T00:00:00,AWS Mesonetwork Rokan Hulu,100
2025-09-01T00:00:00,AWS Mesonetwork Rokan Hulu,100
2025-10-01T00:00:00,AWS Mesonetwork Rokan Hulu,100
2025-11-01T00:00:00,AWS Mesonetwork Rokan Hulu,0
2025-12-01T00:00:00,AWS Mesonetwork Rokan Hulu,0
2026-01-01T00:00:00,AWS Mesonetwork Rokan Hulu,0
2021-02-01T00:00:00,AWS  Mesonetwork  Kampar,0
2021-03-01T00:00:00,AWS  Mesonetwork  Kampar,0
2021-04-01T00:00:00,AWS  Mesonetwork  Kampar,0
2021-05-01T00:00:00,AWS  Mesonetwork  Kampar,0
2021-06-01T00:00:00,AWS  Mesonetwork  Kampar,0
2021-07-01T00:00:00,AWS  Mesonetwork  Kampar,0
2021-08-01T00:00:00,AWS  Mesonetwork  Kampar,0
2021-09-01T00:00:00,AWS  Mesonetwork  Kampar,0
2021-10-01T00:00:00,AWS  Mesonetwork  Kampar,0
2021-11-01T00:00:00,AWS  Mesonetwork  Kampar,0
2021-12-01T00:00:00,AWS  Mesonetwork  Kampar,0
2022-01-01T00:00:00,AWS  Mesonetwork  Kampar,0
2022-02-01T00:00:00,AWS  Mesonetwork  Kampar,0
2022-03-01T00:00:00,AWS  Mesonetwork  Kampar,0
2022-04-01T00:00:00,AWS  Mesonetwork  Kampar,0
2022-05-01T00:00:00,AWS  Mesonetwork  Kampar,0
2022-06-01T00:00:00,AWS  Mesonetwork  Kampar,0
2022-07-01T00:00:00,AWS  Mesonetwork  Kampar,0
2022-08-01T00:00:00,AWS  Mesonetwork  Kampar,0
2022-09-01T00:00:00,AWS  Mesonetwork  Kampar,0
2022-10-01T00:00:00,AWS  Mesonetwork  Kampar,0
2022-11-01T00:00:00,AWS  Mesonetwork  Kampar,0
2022-12-01T00:00:00,AWS  Mesonetwork  Kampar,0
2023-01-01T00:00:00,AWS  Mesonetwork  Kampar,0
2023-02-01T00:00:00,AWS  Mesonetwork  Kampar,0
2023-03-01T00:00:00,AWS  Mesonetwork  Kampar,0
2023-04-01T00:00:00,AWS  Mesonetwork  Kampar,0
2023-05-01T00:00:00,AWS  Mesonetwork  Kampar,0
2023-06-01T00:00:00,AWS  Mesonetwork  Kampar,0
2023-07-01T00:00:00,AWS  Mesonetwork  Kampar,0
2023-08-01T00:00:00,AWS  Mesonetwork  Kampar,0
2023-09-01T00:00:00,AWS  Mesonetwork  Kampar,0
2023-10-01T00:00:00,AWS  Mesonetwork  Kampar,27
2023-11-01T00:00:00,AWS  Mesonetwork  Kampar,99
2023-12-01T00:00:00,AWS  Mesonetwork  Kampar,98
2024-01-01T00:00:00,AWS  Mesonetwork  Kampar,94
2024-02-01T00:00:00,AWS  Mesonetwork  Kampar,77
2024-03-01T00:00:00,AWS  Mesonetwork  Kampar,99
2024-04-01T00:00:00,AWS  Mesonetwork  Kampar,85
2024-05-01T00:00:00,AWS  Mesonetwork  Kampar,99
2024-06-01T00:00:00,AWS  Mesonetwork  Kampar,99
2024-07-01T00:00:00,AWS  Mesonetwork  Kampar,99
2024-08-01T00:00:00,AWS  Mesonetwork  Kampar,99
2024-09-01T00:00:00,AWS  Mesonetwork  Kampar,98
2024-10-01T00:00:00,AWS  Mesonetwork  Kampar,48
2024-11-01T00:00:00,AWS  Mesonetwork  Kampar,66
2024-12-01T00:00:00,AWS  Mesonetwork  Kampar,0
2025-01-01T00:00:00,AWS  Mesonetwork  Kampar,0
2025-02-01T00:00:00,AWS  Mesonetwork  Kampar,0
2025-03-01T00:00:00,AWS  Mesonetwork  Kampar,0
2025-04-01T00:00:00,AWS  Mesonetwork  Kampar,0
2025-05-01T00:00:00,AWS  Mesonetwork  Kampar,0
2025-06-01T00:00:00,AWS  Mesonetwork  Kampar,0
2025-07-01T00:00:00,AWS  Mesonetwork  Kampar,0
2025-08-01T00:00:00,AWS  Mesonetwork  Kampar,0
2025-09-01T00:00:00,AWS  Mesonetwork  Kampar,0
2025-10-01T00:00:00,AWS  Mesonetwork  Kampar,0
2025-11-01T00:00:00,AWS  Mesonetwork  Kampar,0
2025-12-01T00:00:00,AWS  Mesonetwork  Kampar,0
2026-01-01T00:00:00,AWS  Mesonetwork  Kampar,0
2021-02-01T00:00:00,AWS Bandar Laksamana Bengkalis,0
2021-03-01T00:00:00,AWS Bandar Laksamana Bengkalis,0
2021-04-01T00:00:00,AWS Bandar Laksamana Bengkalis,0
2021-05-01T00:00:00,AWS Bandar Laksamana Bengkalis,0
2021-06-01T00:00:00,AWS Bandar Laksamana Bengkalis,0
2021-07-01T00:00:00,AWS Bandar Laksamana Bengkalis,0
2021-08-01T00:00:00,AWS Bandar Laksamana Bengkalis,0
2021-09-01T00:00:00,AWS Bandar Laksamana Bengkalis,0
2021-10-01T00:00:00,AWS Bandar Laksamana Bengkalis,0
2021-11-01T00:00:00,AWS Bandar Laksamana Bengkalis,0
2021-12-01T00:00:00,AWS Bandar Laksamana Bengkalis,0
2022-01-01T00:00:00,AWS Bandar Laksamana Bengkalis,0
2022-02-01T00:00:00,AWS Bandar Laksamana Bengkalis,0
2022-03-01T00:00:00,AWS Bandar Laksamana Bengkalis,0
2022-04-01T00:00:00,AWS Bandar Laksamana Bengkalis,0
2022-05-01T00:00:00,AWS Bandar Laksamana Bengkalis,0
2022-06-01T00:00:00,AWS Bandar Laksamana Bengkalis,0
2022-07-01T00:00:00,AWS Bandar Laksamana Bengkalis,0
2022-08-01T00:00:00,AWS Bandar Laksamana Bengkalis,0
2022-09-01T00:00:00,AWS Bandar Laksamana Bengkalis,0
2022-10-01T00:00:00,AWS Bandar Laksamana Bengkalis,0
2022-11-01T00:00:00,AWS Bandar Laksamana Bengkalis,0
2022-12-01T00:00:00,AWS Bandar Laksamana Bengkalis,0
2023-01-01T00:00:00,AWS Bandar Laksamana Bengkalis,0
2023-02-01T00:00:00,AWS Bandar Laksamana Bengkalis,0
2023-03-01T00:00:00,AWS Bandar Laksamana Bengkalis,0
2023-04-01T00:00:00,AWS Bandar Laksamana Bengkalis,0
2023-05-01T00:00:00,AWS Bandar Laksamana Bengkalis,0
2023-06-01T00:00:00,AWS Bandar Laksamana Bengkalis,0
2023-07-01T00:00:00,AWS Bandar Laksamana Bengkalis,0
2023-08-01T00:00:00,AWS Bandar Laksamana Bengkalis,0
2023-09-01T00:00:00,AWS Bandar Laksamana Bengkalis,0
2023-10-01T00:00:00,AWS Bandar Laksamana Bengkalis,0
2023-11-01T00:00:00,AWS Bandar Laksamana Bengkalis,0
2023-12-01T00:00:00,AWS Bandar Laksamana Bengkalis,0
2024-01-01T00:00:00,AWS Bandar Laksamana Bengkalis,37
2024-02-01T00:00:00,AWS Bandar Laksamana Bengkalis,88
2024-03-01T00:00:00,AWS Bandar Laksamana Bengkalis,87
2024-04-01T00:00:00,AWS Bandar Laksamana Bengkalis,64
2024-05-01T00:00:00,AWS Bandar Laksamana Bengkalis,49
2024-06-01T00:00:00,AWS Bandar Laksamana Bengkalis,61
2024-07-01T00:00:00,AWS Bandar Laksamana Bengkalis,81
2024-08-01T00:00:00,AWS Bandar Laksamana Bengkalis,81
2024-09-01T00:00:00,AWS Bandar Laksamana Bengkalis,76
2024-10-01T00:00:00,AWS Bandar Laksamana Bengkalis,44
2024-11-01T00:00:00,AWS Bandar Laksamana Bengkalis,69
2024-12-01T00:00:00,AWS Bandar Laksamana Bengkalis,59
2025-01-01T00:00:00,AWS Bandar Laksamana Bengkalis,81
2025-02-01T00:00:00,AWS Bandar Laksamana Bengkalis,85
2025-03-01T00:00:00,AWS Bandar Laksamana Bengkalis,71
2025-04-01T00:00:00,AWS Bandar Laksamana Bengkalis,24
2025-05-01T00:00:00,AWS Bandar Laksamana Bengkalis,0
2025-06-01T00:00:00,AWS Bandar Laksamana Bengkalis,0
2025-07-01T00:00:00,AWS Bandar Laksamana Bengkalis,0
2025-08-01T00:00:00,AWS Bandar Laksamana Bengkalis,0
2025-09-01T00:00:00,AWS Bandar Laksamana Bengkalis,26
2025-10-01T00:00:00,AWS Bandar Laksamana Bengkalis,70
2025-11-01T00:00:00,AWS Bandar Laksamana Bengkalis,0
2025-12-01T00:00:00,AWS Bandar Laksamana Bengkalis,0
2026-01-01T00:00:00,AWS Bandar Laksamana Bengkalis,0
2021-02-01T00:00:00,AAWS Gunung Toar Kuantan Singingi,100
2021-03-01T00:00:00,AAWS Gunung Toar Kuantan Singingi,99
2021-04-01T00:00:00,AAWS Gunung Toar Kuantan Singingi,99
2021-05-01T00:00:00,AAWS Gunung Toar Kuantan Singingi,100
2021-06-01T00:00:00,AAWS Gunung Toar Kuantan Singingi,100
2021-07-01T00:00:00,AAWS Gunung Toar Kuantan Singingi,94
2021-08-01T00:00:00,AAWS Gunung Toar Kuantan Singingi,73
2021-09-01T00:00:00,AAWS Gunung Toar Kuantan Singingi,97
2021-10-01T00:00:00,AAWS Gunung Toar Kuantan Singingi,100
2021-11-01T00:00:00,AAWS Gunung Toar Kuantan Singingi,98
2021-12-01T00:00:00,AAWS Gunung Toar Kuantan Singingi,99
2022-01-01T00:00:00,AAWS Gunung Toar Kuantan Singingi,93
2022-02-01T00:00:00,AAWS Gunung Toar Kuantan Singingi,100
2022-03-01T00:00:00,AAWS Gunung Toar Kuantan Singingi,100
2022-04-01T00:00:00,AAWS Gunung Toar Kuantan Singingi,100
2022-05-01T00:00:00,AAWS Gunung Toar Kuantan Singingi,100
2022-06-01T00:00:00,AAWS Gunung Toar Kuantan Singingi,100
2022-07-01T00:00:00,AAWS Gunung Toar Kuantan Singingi,100
2022-08-01T00:00:00,AAWS Gunung Toar Kuantan Singingi,99
2022-09-01T00:00:00,AAWS Gunung Toar Kuantan Singingi,100
2022-10-01T00:00:00,AAWS Gunung Toar Kuantan Singingi,96
2022-11-01T00:00:00,AAWS Gunung Toar Kuantan Singingi,100
2022-12-01T00:00:00,AAWS Gunung Toar Kuantan Singingi,99
2023-01-01T00:00:00,AAWS Gunung Toar Kuantan Singingi,100
2023-02-01T00:00:00,AAWS Gunung Toar Kuantan Singingi,97
2023-03-01T00:00:00,AAWS Gunung Toar Kuantan Singingi,96
2023-04-01T00:00:00,AAWS Gunung Toar Kuantan Singingi,100
2023-05-01T00:00:00,AAWS Gunung Toar Kuantan Singingi,100
2023-06-01T00:00:00,AAWS Gunung Toar Kuantan Singingi,100
2023-07-01T00:00:00,AAWS Gunung Toar Kuantan Singingi,100
2023-08-01T00:00:00,AAWS Gunung Toar Kuantan Singingi,99
2023-09-01T00:00:00,AAWS Gunung Toar Kuantan Singingi,100
2023-10-01T00:00:00,AAWS Gunung Toar Kuantan Singingi,99
2023-11-01T00:00:00,AAWS Gunung Toar Kuantan Singingi,99
2023-12-01T00:00:00,AAWS Gunung Toar Kuantan Singingi,98
2024-01-01T00:00:00,AAWS Gunung Toar Kuantan Singingi,96
2024-02-01T00:00:00,AAWS Gunung Toar Kuantan Singingi,100
2024-03-01T00:00:00,AAWS Gunung Toar Kuantan Singingi,99
2024-04-01T00:00:00,AAWS Gunung Toar Kuantan Singingi,100
2024-05-01T00:00:00,AAWS Gunung Toar Kuantan Singingi,100
2024-06-01T00:00:00,AAWS Gunung Toar Kuantan Singingi,98
2024-07-01T00:00:00,AAWS Gunung Toar Kuantan Singingi,100
2024-08-01T00:00:00,AAWS Gunung Toar Kuantan Singingi,100
2024-09-01T00:00:00,AAWS Gunung Toar Kuantan Singingi,99
2024-10-01T00:00:00,AAWS Gunung Toar Kuantan Singingi,97
2024-11-01T00:00:00,AAWS Gunung Toar Kuantan Singingi,100
2024-12-01T00:00:00,AAWS Gunung Toar Kuantan Singingi,100
2025-01-01T00:00:00,AAWS Gunung Toar Kuantan Singingi,100
2025-02-01T00:00:00,AAWS Gunung Toar Kuantan Singingi,100
2025-03-01T00:00:00,AAWS Gunung Toar Kuantan Singingi,98
2025-04-01T00:00:00,AAWS Gunung Toar Kuantan Singingi,35
2025-05-01T00:00:00,AAWS Gunung Toar Kuantan Singingi,61
2025-06-01T00:00:00,AAWS Gunung Toar Kuantan Singingi,78
2025-07-01T00:00:00,AAWS Gunung Toar Kuantan Singingi,89
2025-08-01T00:00:00,AAWS Gunung Toar Kuantan Singingi,95
2025-09-01T00:00:00,AAWS Gunung Toar Kuantan Singingi,94
2025-10-01T00:00:00,AAWS Gunung Toar Kuantan Singingi,89
2025-11-01T00:00:00,AAWS Gunung Toar Kuantan Singingi,0
2025-12-01T00:00:00,AAWS Gunung Toar Kuantan Singingi,0
2026-01-01T00:00:00,AAWS Gunung Toar Kuantan Singingi,0
2021-02-01T00:00:00,AAWS Tambang Kampar,0
2021-03-01T00:00:00,AAWS Tambang Kampar,0
2021-04-01T00:00:00,AAWS Tambang Kampar,0
2021-05-01T00:00:00,AAWS Tambang Kampar,0
2021-06-01T00:00:00,AAWS Tambang Kampar,0
2021-07-01T00:00:00,AAWS Tambang Kampar,0
2021-08-01T00:00:00,AAWS Tambang Kampar,0
2021-09-01T00:00:00,AAWS Tambang Kampar,0
2021-10-01T00:00:00,AAWS Tambang Kampar,0
2021-11-01T00:00:00,AAWS Tambang Kampar,84
2021-12-01T00:00:00,AAWS Tambang Kampar,100
2022-01-01T00:00:00,AAWS Tambang Kampar,86
2022-02-01T00:00:00,AAWS Tambang Kampar,100
2022-03-01T00:00:00,AAWS Tambang Kampar,100
2022-04-01T00:00:00,AAWS Tambang Kampar,100
2022-05-01T00:00:00,AAWS Tambang Kampar,100
2022-06-01T00:00:00,AAWS Tambang Kampar,100
2022-07-01T00:00:00,AAWS Tambang Kampar,100
2022-08-01T00:00:00,AAWS Tambang Kampar,99
2022-09-01T00:00:00,AAWS Tambang Kampar,99
2022-10-01T00:00:00,AAWS Tambang Kampar,85
2022-11-01T00:00:00,AAWS Tambang Kampar,100
2022-12-01T00:00:00,AAWS Tambang Kampar,99
2023-01-01T00:00:00,AAWS Tambang Kampar,100
2023-02-01T00:00:00,AAWS Tambang Kampar,100
2023-03-01T00:00:00,AAWS Tambang Kampar,95
2023-04-01T00:00:00,AAWS Tambang Kampar,100
2023-05-01T00:00:00,AAWS Tambang Kampar,100
2023-06-01T00:00:00,AAWS Tambang Kampar,100
2023-07-01T00:00:00,AAWS Tambang Kampar,100
2023-08-01T00:00:00,AAWS Tambang Kampar,97
2023-09-01T00:00:00,AAWS Tambang Kampar,100
2023-10-01T00:00:00,AAWS Tambang Kampar,99
2023-11-01T00:00:00,AAWS Tambang Kampar,97
2023-12-01T00:00:00,AAWS Tambang Kampar,98
2024-01-01T00:00:00,AAWS Tambang Kampar,95
2024-02-01T00:00:00,AAWS Tambang Kampar,99
2024-03-01T00:00:00,AAWS Tambang Kampar,100
2024-04-01T00:00:00,AAWS Tambang Kampar,99
2024-05-01T00:00:00,AAWS Tambang Kampar,100
2024-06-01T00:00:00,AAWS Tambang Kampar,100
2024-07-01T00:00:00,AAWS Tambang Kampar,100
2024-08-01T00:00:00,AAWS Tambang Kampar,100
2024-09-01T00:00:00,AAWS Tambang Kampar,96
2024-10-01T00:00:00,AAWS Tambang Kampar,95
2024-11-01T00:00:00,AAWS Tambang Kampar,100
2024-12-01T00:00:00,AAWS Tambang Kampar,100
2025-01-01T00:00:00,AAWS Tambang Kampar,99
2025-02-01T00:00:00,AAWS Tambang Kampar,97
2025-03-01T00:00:00,AAWS Tambang Kampar,88
2025-04-01T00:00:00,AAWS Tambang Kampar,98
2025-05-01T00:00:00,AAWS Tambang Kampar,87
2025-06-01T00:00:00,AAWS Tambang Kampar,70
2025-07-01T00:00:00,AAWS Tambang Kampar,83
2025-08-01T00:00:00,AAWS Tambang Kampar,100
2025-09-01T00:00:00,AAWS Tambang Kampar,100
2025-10-01T00:00:00,AAWS Tambang Kampar,61
2025-11-01T00:00:00,AAWS Tambang Kampar,0
2025-12-01T00:00:00,AAWS Tambang Kampar,0
2026-01-01T00:00:00,AAWS Tambang Kampar,0
2021-02-01T00:00:00,AAWS Rimba Melintang Rokan Hilir,97
2021-03-01T00:00:00,AAWS Rimba Melintang Rokan Hilir,100
2021-04-01T00:00:00,AAWS Rimba Melintang Rokan Hilir,99
2021-05-01T00:00:00,AAWS Rimba Melintang Rokan Hilir,99
2021-06-01T00:00:00,AAWS Rimba Melintang Rokan Hilir,95
2021-07-01T00:00:00,AAWS Rimba Melintang Rokan Hilir,88
2021-08-01T00:00:00,AAWS Rimba Melintang Rokan Hilir,4
2021-09-01T00:00:00,AAWS Rimba Melintang Rokan Hilir,3
2021-10-01T00:00:00,AAWS Rimba Melintang Rokan Hilir,30
2021-11-01T00:00:00,AAWS Rimba Melintang Rokan Hilir,46
2021-12-01T00:00:00,AAWS Rimba Melintang Rokan Hilir,47
2022-01-01T00:00:00,AAWS Rimba Melintang Rokan Hilir,48
2022-02-01T00:00:00,AAWS Rimba Melintang Rokan Hilir,48
2022-03-01T00:00:00,AAWS Rimba Melintang Rokan Hilir,74
2022-04-01T00:00:00,AAWS Rimba Melintang Rokan Hilir,100
2022-05-01T00:00:00,AAWS Rimba Melintang Rokan Hilir,100
2022-06-01T00:00:00,AAWS Rimba Melintang Rokan Hilir,100
2022-07-01T00:00:00,AAWS Rimba Melintang Rokan Hilir,100
2022-08-01T00:00:00,AAWS Rimba Melintang Rokan Hilir,99
2022-09-01T00:00:00,AAWS Rimba Melintang Rokan Hilir,100
2022-10-01T00:00:00,AAWS Rimba Melintang Rokan Hilir,94
2022-11-01T00:00:00,AAWS Rimba Melintang Rokan Hilir,100
2022-12-01T00:00:00,AAWS Rimba Melintang Rokan Hilir,99
2023-01-01T00:00:00,AAWS Rimba Melintang Rokan Hilir,100
2023-02-01T00:00:00,AAWS Rimba Melintang Rokan Hilir,100
2023-03-01T00:00:00,AAWS Rimba Melintang Rokan Hilir,94
2023-04-01T00:00:00,AAWS Rimba Melintang Rokan Hilir,100
2023-05-01T00:00:00,AAWS Rimba Melintang Rokan Hilir,100
2023-06-01T00:00:00,AAWS Rimba Melintang Rokan Hilir,100
2023-07-01T00:00:00,AAWS Rimba Melintang Rokan Hilir,100
2023-08-01T00:00:00,AAWS Rimba Melintang Rokan Hilir,97
2023-09-01T00:00:00,AAWS Rimba Melintang Rokan Hilir,100
2023-10-01T00:00:00,AAWS Rimba Melintang Rokan Hilir,99
2023-11-01T00:00:00,AAWS Rimba Melintang Rokan Hilir,100
2023-12-01T00:00:00,AAWS Rimba Melintang Rokan Hilir,98
2024-01-01T00:00:00,AAWS Rimba Melintang Rokan Hilir,95
2024-02-01T00:00:00,AAWS Rimba Melintang Rokan Hilir,100
2024-03-01T00:00:00,AAWS Rimba Melintang Rokan Hilir,100
2024-04-01T00:00:00,AAWS Rimba Melintang Rokan Hilir,100
2024-05-01T00:00:00,AAWS Rimba Melintang Rokan Hilir,100
2024-06-01T00:00:00,AAWS Rimba Melintang Rokan Hilir,99
2024-07-01T00:00:00,AAWS Rimba Melintang Rokan Hilir,100
2024-08-01T00:00:00,AAWS Rimba Melintang Rokan Hilir,100
2024-09-01T00:00:00,AAWS Rimba Melintang Rokan Hilir,99
2024-10-01T00:00:00,AAWS Rimba Melintang Rokan Hilir,97
2024-11-01T00:00:00,AAWS Rimba Melintang Rokan Hilir,100
2024-12-01T00:00:00,AAWS Rimba Melintang Rokan Hilir,100
2025-01-01T00:00:00,AAWS Rimba Melintang Rokan Hilir,100
2025-02-01T00:00:00,AAWS Rimba Melintang Rokan Hilir,100
2025-03-01T00:00:00,AAWS Rimba Melintang Rokan Hilir,100
2025-04-01T00:00:00,AAWS Rimba Melintang Rokan Hilir,100
2025-05-01T00:00:00,AAWS Rimba Melintang Rokan Hilir,93
2025-06-01T00:00:00,AAWS Rimba Melintang Rokan Hilir,100
2025-07-01T00:00:00,AAWS Rimba Melintang Rokan Hilir,96
2025-08-01T00:00:00,AAWS Rimba Melintang Rokan Hilir,100
2025-09-01T00:00:00,AAWS Rimba Melintang Rokan Hilir,100
2025-10-01T00:00:00,AAWS Rimba Melintang Rokan Hilir,100
2025-11-01T00:00:00,AAWS Rimba Melintang Rokan Hilir,0
2025-12-01T00:00:00,AAWS Rimba Melintang Rokan Hilir,0
2026-01-01T00:00:00,AAWS Rimba Melintang Rokan Hilir,0
2021-02-01T00:00:00,ASRS Stasiun Klimatologi Riau,36
2021-03-01T00:00:00,ASRS Stasiun Klimatologi Riau,48
2021-04-01T00:00:00,ASRS Stasiun Klimatologi Riau,29
2021-05-01T00:00:00,ASRS Stasiun Klimatologi Riau,36
2021-06-01T00:00:00,ASRS Stasiun Klimatologi Riau,75
2021-07-01T00:00:00,ASRS Stasiun Klimatologi Riau,65
2021-08-01T00:00:00,ASRS Stasiun Klimatologi Riau,76
2021-09-01T00:00:00,ASRS Stasiun Klimatologi Riau,77
2021-10-01T00:00:00,ASRS Stasiun Klimatologi Riau,84
2021-11-01T00:00:00,ASRS Stasiun Klimatologi Riau,4
2021-12-01T00:00:00,ASRS Stasiun Klimatologi Riau,0
2022-01-01T00:00:00,ASRS Stasiun Klimatologi Riau,24
2022-02-01T00:00:00,ASRS Stasiun Klimatologi Riau,36
2022-03-01T00:00:00,ASRS Stasiun Klimatologi Riau,62
2022-04-01T00:00:00,ASRS Stasiun Klimatologi Riau,34
2022-05-01T00:00:00,ASRS Stasiun Klimatologi Riau,17
2022-06-01T00:00:00,ASRS Stasiun Klimatologi Riau,30
2022-07-01T00:00:00,ASRS Stasiun Klimatologi Riau,67
2022-08-01T00:00:00,ASRS Stasiun Klimatologi Riau,15
2022-09-01T00:00:00,ASRS Stasiun Klimatologi Riau,31
2022-10-01T00:00:00,ASRS Stasiun Klimatologi Riau,34
2022-11-01T00:00:00,ASRS Stasiun Klimatologi Riau,20
2022-12-01T00:00:00,ASRS Stasiun Klimatologi Riau,37
2023-01-01T00:00:00,ASRS Stasiun Klimatologi Riau,37
2023-02-01T00:00:00,ASRS Stasiun Klimatologi Riau,45
2023-03-01T00:00:00,ASRS Stasiun Klimatologi Riau,57
2023-04-01T00:00:00,ASRS Stasiun Klimatologi Riau,53
2023-05-01T00:00:00,ASRS Stasiun Klimatologi Riau,44
2023-06-01T00:00:00,ASRS Stasiun Klimatologi Riau,64
2023-07-01T00:00:00,ASRS Stasiun Klimatologi Riau,79
2023-08-01T00:00:00,ASRS Stasiun Klimatologi Riau,84
2023-09-01T00:00:00,ASRS Stasiun Klimatologi Riau,82
2023-10-01T00:00:00,ASRS Stasiun Klimatologi Riau,74
2023-11-01T00:00:00,ASRS Stasiun Klimatologi Riau,71
2023-12-01T00:00:00,ASRS Stasiun Klimatologi Riau,78
2024-01-01T00:00:00,ASRS Stasiun Klimatologi Riau,66
2024-02-01T00:00:00,ASRS Stasiun Klimatologi Riau,88
2024-03-01T00:00:00,ASRS Stasiun Klimatologi Riau,86
2024-04-01T00:00:00,ASRS Stasiun Klimatologi Riau,85
2024-05-01T00:00:00,ASRS Stasiun Klimatologi Riau,82
2024-06-01T00:00:00,ASRS Stasiun Klimatologi Riau,93
2024-07-01T00:00:00,ASRS Stasiun Klimatologi Riau,76
2024-08-01T00:00:00,ASRS Stasiun Klimatologi Riau,88
2024-09-01T00:00:00,ASRS Stasiun Klimatologi Riau,94
2024-10-01T00:00:00,ASRS Stasiun Klimatologi Riau,81
2024-11-01T00:00:00,ASRS Stasiun Klimatologi Riau,89
2024-12-01T00:00:00,ASRS Stasiun Klimatologi Riau,95
2025-01-01T00:00:00,ASRS Stasiun Klimatologi Riau,93
2025-02-01T00:00:00,ASRS Stasiun Klimatologi Riau,96
2025-03-01T00:00:00,ASRS Stasiun Klimatologi Riau,82
2025-04-01T00:00:00,ASRS Stasiun Klimatologi Riau,82
2025-05-01T00:00:00,ASRS Stasiun Klimatologi Riau,87
2025-06-01T00:00:00,ASRS Stasiun Klimatologi Riau,71
2025-07-01T00:00:00,ASRS Stasiun Klimatologi Riau,84
2025-08-01T00:00:00,ASRS Stasiun Klimatologi Riau,78
2025-09-01T00:00:00,ASRS Stasiun Klimatologi Riau,92
2025-10-01T00:00:00,ASRS Stasiun Klimatologi Riau,90
2025-11-01T00:00:00,ASRS Stasiun Klimatologi Riau,0
2025-12-01T00:00:00,ASRS Stasiun Klimatologi Riau,0
2026-01-01T00:00:00,ASRS Stasiun Klimatologi Riau,0
2021-02-01T00:00:00,Soil Moisture Stasiun Klimatologi Riau,0
2021-03-01T00:00:00,Soil Moisture Stasiun Klimatologi Riau,0
2021-04-01T00:00:00,Soil Moisture Stasiun Klimatologi Riau,0
2021-05-01T00:00:00,Soil Moisture Stasiun Klimatologi Riau,0
2021-06-01T00:00:00,Soil Moisture Stasiun Klimatologi Riau,0
2021-07-01T00:00:00,Soil Moisture Stasiun Klimatologi Riau,0
2021-08-01T00:00:00,Soil Moisture Stasiun Klimatologi Riau,0
2021-09-01T00:00:00,Soil Moisture Stasiun Klimatologi Riau,0
2021-10-01T00:00:00,Soil Moisture Stasiun Klimatologi Riau,0
2021-11-01T00:00:00,Soil Moisture Stasiun Klimatologi Riau,0
2021-12-01T00:00:00,Soil Moisture Stasiun Klimatologi Riau,0
2022-01-01T00:00:00,Soil Moisture Stasiun Klimatologi Riau,0
2022-02-01T00:00:00,Soil Moisture Stasiun Klimatologi Riau,0
2022-03-01T00:00:00,Soil Moisture Stasiun Klimatologi Riau,0
2022-04-01T00:00:00,Soil Moisture Stasiun Klimatologi Riau,0
2022-05-01T00:00:00,Soil Moisture Stasiun Klimatologi Riau,0
2022-06-01T00:00:00,Soil Moisture Stasiun Klimatologi Riau,0
2022-07-01T00:00:00,Soil Moisture Stasiun Klimatologi Riau,0
2022-08-01T00:00:00,Soil Moisture Stasiun Klimatologi Riau,0
2022-09-01T00:00:00,Soil Moisture Stasiun Klimatologi Riau,0
2022-10-01T00:00:00,Soil Moisture Stasiun Klimatologi Riau,0
2022-11-01T00:00:00,Soil Moisture Stasiun Klimatologi Riau,0
2022-12-01T00:00:00,Soil Moisture Stasiun Klimatologi Riau,0
2023-01-01T00:00:00,Soil Moisture Stasiun Klimatologi Riau,0
2023-02-01T00:00:00,Soil Moisture Stasiun Klimatologi Riau,0
2023-03-01T00:00:00,Soil Moisture Stasiun Klimatologi Riau,0
2023-04-01T00:00:00,Soil Moisture Stasiun Klimatologi Riau,0
2023-05-01T00:00:00,Soil Moisture Stasiun Klimatologi Riau,0
2023-06-01T00:00:00,Soil Moisture Stasiun Klimatologi Riau,0
2023-07-01T00:00:00,Soil Moisture Stasiun Klimatologi Riau,0
2023-08-01T00:00:00,Soil Moisture Stasiun Klimatologi Riau,0
2023-09-01T00:00:00,Soil Moisture Stasiun Klimatologi Riau,34
2023-10-01T00:00:00,Soil Moisture Stasiun Klimatologi Riau,90
2023-11-01T00:00:00,Soil Moisture Stasiun Klimatologi Riau,63
2023-12-01T00:00:00,Soil Moisture Stasiun Klimatologi Riau,91
2024-01-01T00:00:00,Soil Moisture Stasiun Klimatologi Riau,34
2024-02-01T00:00:00,Soil Moisture Stasiun Klimatologi Riau,83
2024-03-01T00:00:00,Soil Moisture Stasiun Klimatologi Riau,95
2024-04-01T00:00:00,Soil Moisture Stasiun Klimatologi Riau,85
2024-05-01T00:00:00,Soil Moisture Stasiun Klimatologi Riau,90
2024-06-01T00:00:00,Soil Moisture Stasiun Klimatologi Riau,96
2024-07-01T00:00:00,Soil Moisture Stasiun Klimatologi Riau,69
2024-08-01T00:00:00,Soil Moisture Stasiun Klimatologi Riau,87
2024-09-01T00:00:00,Soil Moisture Stasiun Klimatologi Riau,81
2024-10-01T00:00:00,Soil Moisture Stasiun Klimatologi Riau,81
2024-11-01T00:00:00,Soil Moisture Stasiun Klimatologi Riau,84
2024-12-01T00:00:00,Soil Moisture Stasiun Klimatologi Riau,97
2025-01-01T00:00:00,Soil Moisture Stasiun Klimatologi Riau,85
2025-02-01T00:00:00,Soil Moisture Stasiun Klimatologi Riau,96
2025-03-01T00:00:00,Soil Moisture Stasiun Klimatologi Riau,89
2025-04-01T00:00:00,Soil Moisture Stasiun Klimatologi Riau,93
2025-05-01T00:00:00,Soil Moisture Stasiun Klimatologi Riau,97
2025-06-01T00:00:00,Soil Moisture Stasiun Klimatologi Riau,83
2025-07-01T00:00:00,Soil Moisture Stasiun Klimatologi Riau,70
2025-08-01T00:00:00,Soil Moisture Stasiun Klimatologi Riau,83
2025-09-01T00:00:00,Soil Moisture Stasiun Klimatologi Riau,96
2025-10-01T00:00:00,Soil Moisture Stasiun Klimatologi Riau,99
2025-11-01T00:00:00,Soil Moisture Stasiun Klimatologi Riau,0
2025-12-01T00:00:00,Soil Moisture Stasiun Klimatologi Riau,0
2026-01-01T00:00:00,Soil Moisture Stasiun Klimatologi Riau,0
2021-02-01T00:00:00,Iklim Mikro Stasiun Klimatologi Riau,75
2021-03-01T00:00:00,Iklim Mikro Stasiun Klimatologi Riau,80
2021-04-01T00:00:00,Iklim Mikro Stasiun Klimatologi Riau,51
2021-05-01T00:00:00,Iklim Mikro Stasiun Klimatologi Riau,55
2021-06-01T00:00:00,Iklim Mikro Stasiun Klimatologi Riau,59
2021-07-01T00:00:00,Iklim Mikro Stasiun Klimatologi Riau,45
2021-08-01T00:00:00,Iklim Mikro Stasiun Klimatologi Riau,45
2021-09-01T00:00:00,Iklim Mikro Stasiun Klimatologi Riau,71
2021-10-01T00:00:00,Iklim Mikro Stasiun Klimatologi Riau,65
2021-11-01T00:00:00,Iklim Mikro Stasiun Klimatologi Riau,19
2021-12-01T00:00:00,Iklim Mikro Stasiun Klimatologi Riau,3
2022-01-01T00:00:00,Iklim Mikro Stasiun Klimatologi Riau,70
2022-02-01T00:00:00,Iklim Mikro Stasiun Klimatologi Riau,84
2022-03-01T00:00:00,Iklim Mikro Stasiun Klimatologi Riau,69
2022-04-01T00:00:00,Iklim Mikro Stasiun Klimatologi Riau,52
2022-05-01T00:00:00,Iklim Mikro Stasiun Klimatologi Riau,52
2022-06-01T00:00:00,Iklim Mikro Stasiun Klimatologi Riau,46
2022-07-01T00:00:00,Iklim Mikro Stasiun Klimatologi Riau,52
2022-08-01T00:00:00,Iklim Mikro Stasiun Klimatologi Riau,63
2022-09-01T00:00:00,Iklim Mikro Stasiun Klimatologi Riau,47
2022-10-01T00:00:00,Iklim Mikro Stasiun Klimatologi Riau,46
2022-11-01T00:00:00,Iklim Mikro Stasiun Klimatologi Riau,66
2022-12-01T00:00:00,Iklim Mikro Stasiun Klimatologi Riau,87
2023-01-01T00:00:00,Iklim Mikro Stasiun Klimatologi Riau,66
2023-02-01T00:00:00,Iklim Mikro Stasiun Klimatologi Riau,65
2023-03-01T00:00:00,Iklim Mikro Stasiun Klimatologi Riau,79
2023-04-01T00:00:00,Iklim Mikro Stasiun Klimatologi Riau,82
2023-05-01T00:00:00,Iklim Mikro Stasiun Klimatologi Riau,67
2023-06-01T00:00:00,Iklim Mikro Stasiun Klimatologi Riau,92
2023-07-01T00:00:00,Iklim Mikro Stasiun Klimatologi Riau,89
2023-08-01T00:00:00,Iklim Mikro Stasiun Klimatologi Riau,97
2023-09-01T00:00:00,Iklim Mikro Stasiun Klimatologi Riau,97
2023-10-01T00:00:00,Iklim Mikro Stasiun Klimatologi Riau,97
2023-11-01T00:00:00,Iklim Mikro Stasiun Klimatologi Riau,85
2023-12-01T00:00:00,Iklim Mikro Stasiun Klimatologi Riau,83
2024-01-01T00:00:00,Iklim Mikro Stasiun Klimatologi Riau,69
2024-02-01T00:00:00,Iklim Mikro Stasiun Klimatologi Riau,89
2024-03-01T00:00:00,Iklim Mikro Stasiun Klimatologi Riau,82
2024-04-01T00:00:00,Iklim Mikro Stasiun Klimatologi Riau,77
2024-05-01T00:00:00,Iklim Mikro Stasiun Klimatologi Riau,76
2024-06-01T00:00:00,Iklim Mikro Stasiun Klimatologi Riau,85
2024-07-01T00:00:00,Iklim Mikro Stasiun Klimatologi Riau,59
2024-08-01T00:00:00,Iklim Mikro Stasiun Klimatologi Riau,85
2024-09-01T00:00:00,Iklim Mikro Stasiun Klimatologi Riau,88
2024-10-01T00:00:00,Iklim Mikro Stasiun Klimatologi Riau,90
2024-11-01T00:00:00,Iklim Mikro Stasiun Klimatologi Riau,91
2024-12-01T00:00:00,Iklim Mikro Stasiun Klimatologi Riau,99
2025-01-01T00:00:00,Iklim Mikro Stasiun Klimatologi Riau,95
2025-02-01T00:00:00,Iklim Mikro Stasiun Klimatologi Riau,100
2025-03-01T00:00:00,Iklim Mikro Stasiun Klimatologi Riau,82
2025-04-01T00:00:00,Iklim Mikro Stasiun Klimatologi Riau,87
2025-05-01T00:00:00,Iklim Mikro Stasiun Klimatologi Riau,92
2025-06-01T00:00:00,Iklim Mikro Stasiun Klimatologi Riau,94
2025-07-01T00:00:00,Iklim Mikro Stasiun Klimatologi Riau,93
2025-08-01T00:00:00,Iklim Mikro Stasiun Klimatologi Riau,93
2025-09-01T00:00:00,Iklim Mikro Stasiun Klimatologi Riau,97
2025-10-01T00:00:00,Iklim Mikro Stasiun Klimatologi Riau,99
2025-11-01T00:00:00,Iklim Mikro Stasiun Klimatologi Riau,0
2025-12-01T00:00:00,Iklim Mikro Stasiun Klimatologi Riau,0
2026-01-01T00:00:00,Iklim Mikro Stasiun Klimatologi Riau,0

